Model,MSO44
Waveform Type,ANALOG
Horizontal Units,s
Sample Interval,8.00000000e-08
Record Length,2500
Zero Index,271.50000000
Vertical Units,V
ANALOG_Thumbnail,

TIME,CH1
-2.17200000e-05,1.44531250e-03
-2.16400000e-05,1.42968750e-03
-2.15600000e-05,1.75781250e-03
-2.14800000e-05,2.03906250e-03
-2.14000000e-05,2.13281250e-03
-2.13200000e-05,1.38281250e-03
-2.12400000e-05,8.59375000e-04
-2.11600000e-05,8.12500000e-04
-2.10800000e-05,1.34375000e-03
-2.10000000e-05,1.70312500e-03
-2.09200000e-05,1.80468750e-03
-2.08400000e-05,1.68750000e-03
-2.07600000e-05,1.64062500e-03
-2.06800000e-05,1.14843750e-03
-2.06000000e-05,1.09375000e-03
-2.05200000e-05,1.10937500e-03
-2.04400000e-05,1.47656250e-03
-2.03600000e-05,1.82031250e-03
-2.02800000e-05,2.27343750e-03
-2.02000000e-05,1.83593750e-03
-2.01200000e-05,1.25000000e-03
-2.00400000e-05,8.28125000e-04
-1.99600000e-05,1.27343750e-03
-1.98800000e-05,1.81250000e-03
-1.98000000e-05,2.03125000e-03
-1.97200000e-05,1.62500000e-03
-1.96400000e-05,1.06250000e-03
-1.95600000e-05,7.34375000e-04
-1.94800000e-05,1.18750000e-03
-1.94000000e-05,1.77343750e-03
-1.93200000e-05,2.25781250e-03
-1.92400000e-05,2.04687500e-03
-1.91600000e-05,1.40625000e-03
-1.90800000e-05,1.08593750e-03
-1.90000000e-05,1.27343750e-03
-1.89200000e-05,1.49218750e-03
-1.88400000e-05,1.64843750e-03
-1.87600000e-05,1.82812500e-03
-1.86800000e-05,1.47656250e-03
-1.86000000e-05,9.68750000e-04
-1.85200000e-05,9.37500000e-04
-1.84400000e-05,1.03125000e-03
-1.83600000e-05,1.23437500e-03
-1.82800000e-05,1.48437500e-03
-1.82000000e-05,1.61718750e-03
-1.81200000e-05,1.52343750e-03
-1.80400000e-05,1.42968750e-03
-1.79600000e-05,1.75781250e-03
-1.78800000e-05,2.09375000e-03
-1.78000000e-05,2.13281250e-03
-1.77200000e-05,1.56250000e-03
-1.76400000e-05,9.92187500e-04
-1.75600000e-05,7.57812500e-04
-1.74800000e-05,1.40625000e-03
-1.74000000e-05,1.56250000e-03
-1.73200000e-05,2.00000000e-03
-1.72400000e-05,1.87500000e-03
-1.71600000e-05,1.39062500e-03
-1.70800000e-05,1.00000000e-03
-1.70000000e-05,9.60937500e-04
-1.69200000e-05,1.18750000e-03
-1.68400000e-05,1.54687500e-03
-1.67600000e-05,1.93750000e-03
-1.66800000e-05,2.18750000e-03
-1.66000000e-05,1.75000000e-03
-1.65200000e-05,8.59375000e-04
-1.64400000e-05,4.76562500e-04
-1.63600000e-05,1.59375000e-03
-1.62800000e-05,2.21093750e-03
-1.62000000e-05,2.18750000e-03
-1.61200000e-05,1.50781250e-03
-1.60400000e-05,8.51562500e-04
-1.59600000e-05,4.21875000e-04
-1.58800000e-05,9.14062500e-04
-1.58000000e-05,1.71093750e-03
-1.57200000e-05,2.42968750e-03
-1.56400000e-05,2.39062500e-03
-1.55600000e-05,1.60937500e-03
-1.54800000e-05,9.92187500e-04
-1.54000000e-05,8.98437500e-04
-1.53200000e-05,1.15625000e-03
-1.52400000e-05,1.58593750e-03
-1.51600000e-05,1.84375000e-03
-1.50800000e-05,1.56250000e-03
-1.50000000e-05,1.34375000e-03
-1.49200000e-05,1.22656250e-03
-1.48400000e-05,1.06250000e-03
-1.47600000e-05,1.01562500e-03
-1.46800000e-05,1.13281250e-03
-1.46000000e-05,1.37500000e-03
-1.45200000e-05,1.42187500e-03
-1.44400000e-05,1.71093750e-03
-1.43600000e-05,1.81250000e-03
-1.42800000e-05,2.03125000e-03
-1.42000000e-05,1.81250000e-03
-1.41200000e-05,1.28125000e-03
-1.40400000e-05,7.57812500e-04
-1.39600000e-05,8.04687500e-04
-1.38800000e-05,1.32031250e-03
-1.38000000e-05,1.64843750e-03
-1.37200000e-05,1.95312500e-03
-1.36400000e-05,1.75000000e-03
-1.35600000e-05,1.55468750e-03
-1.34800000e-05,1.10156250e-03
-1.34000000e-05,1.04687500e-03
-1.33200000e-05,1.01562500e-03
-1.32400000e-05,1.56250000e-03
-1.31600000e-05,2.01562500e-03
-1.30800000e-05,2.16406250e-03
-1.30000000e-05,1.76562500e-03
-1.29200000e-05,9.29687500e-04
-1.28400000e-05,8.75000000e-04
-1.27600000e-05,1.25781250e-03
-1.26800000e-05,1.98437500e-03
-1.26000000e-05,2.07812500e-03
-1.25200000e-05,1.64062500e-03
-1.24400000e-05,1.14843750e-03
-1.23600000e-05,7.96875000e-04
-1.22800000e-05,1.08593750e-03
-1.22000000e-05,1.64843750e-03
-1.21200000e-05,2.10937500e-03
-1.20400000e-05,2.17187500e-03
-1.19600000e-05,1.53906250e-03
-1.18800000e-05,1.05468750e-03
-1.18000000e-05,1.22656250e-03
-1.17200000e-05,1.46093750e-03
-1.16400000e-05,1.87500000e-03
-1.15600000e-05,1.82812500e-03
-1.14800000e-05,1.40625000e-03
-1.14000000e-05,1.17187500e-03
-1.13200000e-05,1.00781250e-03
-1.12400000e-05,1.00000000e-03
-1.11600000e-05,1.17187500e-03
-1.10800000e-05,1.44531250e-03
-1.10000000e-05,1.65625000e-03
-1.09200000e-05,1.41406250e-03
-1.08400000e-05,1.38281250e-03
-1.07600000e-05,1.67968750e-03
-1.06800000e-05,2.14843750e-03
-1.06000000e-05,2.22656250e-03
-1.05200000e-05,1.63281250e-03
-1.04400000e-05,8.82812500e-04
-1.03600000e-05,7.81250000e-04
-1.02800000e-05,1.10156250e-03
-1.02000000e-05,1.53125000e-03
-1.01200000e-05,1.86718750e-03
-1.00400000e-05,2.03125000e-03
-9.96000000e-06,1.52343750e-03
-9.88000000e-06,1.02343750e-03
-9.80000000e-06,8.90625000e-04
-9.72000000e-06,1.04687500e-03
-9.64000000e-06,1.36718750e-03
-9.56000000e-06,1.91406250e-03
-9.48000000e-06,2.25000000e-03
-9.40000000e-06,1.77343750e-03
-9.32000000e-06,1.00000000e-03
-9.24000000e-06,6.71875000e-04
-9.16000000e-06,1.35937500e-03
-9.08000000e-06,1.96875000e-03
-9.00000000e-06,2.22656250e-03
-8.92000000e-06,1.68750000e-03
-8.84000000e-06,8.51562500e-04
-8.76000000e-06,6.48437500e-04
-8.68000000e-06,1.03906250e-03
-8.60000000e-06,1.75781250e-03
-8.52000000e-06,2.35937500e-03
-8.44000000e-06,2.30468750e-03
-8.36000000e-06,1.68750000e-03
-8.28000000e-06,1.03125000e-03
-8.20000000e-06,1.05468750e-03
-8.12000000e-06,1.02343750e-03
-8.04000000e-06,1.64843750e-03
-7.96000000e-06,1.99218750e-03
-7.88000000e-06,1.85156250e-03
-7.80000000e-06,1.28906250e-03
-7.72000000e-06,1.02343750e-03
-7.64000000e-06,8.04687500e-04
-7.56000000e-06,9.53125000e-04
-7.48000000e-06,1.48437500e-03
-7.40000000e-06,1.69531250e-03
-7.32000000e-06,1.43750000e-03
-7.24000000e-06,1.39843750e-03
-7.16000000e-06,1.70312500e-03
-7.08000000e-06,2.01562500e-03
-7.00000000e-06,1.88281250e-03
-6.92000000e-06,1.28906250e-03
-6.84000000e-06,8.59375000e-04
-6.76000000e-06,7.81250000e-04
-6.68000000e-06,1.47656250e-03
-6.60000000e-06,1.71875000e-03
-6.52000000e-06,1.86718750e-03
-6.44000000e-06,1.62500000e-03
-6.36000000e-06,1.31250000e-03
-6.28000000e-06,1.07031250e-03
-6.20000000e-06,8.90625000e-04
-6.12000000e-06,1.10937500e-03
-6.04000000e-06,1.35156250e-03
-5.96000000e-06,1.89843750e-03
-5.88000000e-06,2.23437500e-03
-5.80000000e-06,1.80468750e-03
-5.72000000e-06,1.00781250e-03
-5.64000000e-06,5.23437500e-04
-5.56000000e-06,1.32031250e-03
-5.48000000e-06,2.03125000e-03
-5.40000000e-06,2.21875000e-03
-5.32000000e-06,1.56250000e-03
-5.24000000e-06,8.43750000e-04
-5.16000000e-06,4.68750000e-04
-5.08000000e-06,8.35937500e-04
-5.00000000e-06,1.51562500e-03
-4.92000000e-06,2.28125000e-03
-4.84000000e-06,2.32031250e-03
-4.76000000e-06,1.66406250e-03
-4.68000000e-06,9.53125000e-04
-4.60000000e-06,1.20312500e-03
-4.52000000e-06,1.46093750e-03
-4.44000000e-06,1.92187500e-03
-4.36000000e-06,1.61718750e-03
-4.28000000e-06,1.39062500e-03
-4.20000000e-06,1.02343750e-03
-4.12000000e-06,1.10937500e-03
-4.04000000e-06,1.05468750e-03
-3.96000000e-06,1.14062500e-03
-3.88000000e-06,1.29687500e-03
-3.80000000e-06,1.44531250e-03
-3.72000000e-06,1.38281250e-03
-3.64000000e-06,1.75000000e-03
-3.56000000e-06,1.86718750e-03
-3.48000000e-06,1.94531250e-03
-3.40000000e-06,1.92968750e-03
-3.32000000e-06,1.27343750e-03
-3.24000000e-06,8.20312500e-04
-3.16000000e-06,7.89062500e-04
-3.08000000e-06,1.20312500e-03
-3.00000000e-06,1.57031250e-03
-2.92000000e-06,1.67968750e-03
-2.84000000e-06,1.83593750e-03
-2.76000000e-06,1.50781250e-03
-2.68000000e-06,9.92187500e-04
-2.60000000e-06,7.50000000e-04
-2.52000000e-06,9.29687500e-04
-2.44000000e-06,1.61718750e-03
-2.36000000e-06,1.96093750e-03
-2.28000000e-06,2.11718750e-03
-2.20000000e-06,1.50000000e-03
-2.12000000e-06,9.06250000e-04
-2.04000000e-06,6.48437500e-04
-1.96000000e-06,1.20312500e-03
-1.88000000e-06,1.93750000e-03
-1.80000000e-06,1.95312500e-03
-1.72000000e-06,1.50000000e-03
-1.64000000e-06,8.43750000e-04
-1.56000000e-06,6.09375000e-04
-1.48000000e-06,8.12500000e-04
-1.40000000e-06,1.75000000e-03
-1.32000000e-06,2.15625000e-03
-1.24000000e-06,2.12500000e-03
-1.16000000e-06,1.46093750e-03
-1.08000000e-06,8.90625000e-04
-1.00000000e-06,8.35937500e-04
-9.20000000e-07,9.92187500e-04
-8.40000000e-07,1.42187500e-03
-7.60000000e-07,1.78906250e-03
-6.80000000e-07,1.64062500e-03
-6.00000000e-07,1.21875000e-03
-5.20000000e-07,9.45312500e-04
-4.40000000e-07,8.51562500e-04
-3.60000000e-07,9.68750000e-04
-2.80000000e-07,1.21093750e-03
-2.00000000e-07,1.29687500e-03
-1.20000000e-07,1.37500000e-03
-4.00000000e-08,1.20312500e-03
4.00000000e-08,1.52343750e-03
1.20000000e-07,7.31015625e-02
2.00000000e-07,2.00648437e-01
2.80000000e-07,2.59359375e-01
3.60000000e-07,2.91156250e-01
4.40000000e-07,3.08125000e-01
5.20000000e-07,3.16500000e-01
6.00000000e-07,3.18617188e-01
6.80000000e-07,3.16828125e-01
7.60000000e-07,3.12625000e-01
8.40000000e-07,3.06515625e-01
9.20000000e-07,2.99148438e-01
1.00000000e-06,2.91195313e-01
1.08000000e-06,2.83171875e-01
1.16000000e-06,2.75195313e-01
1.24000000e-06,2.67398438e-01
1.32000000e-06,2.59695312e-01
1.40000000e-06,2.51539063e-01
1.48000000e-06,2.43117187e-01
1.56000000e-06,2.35226563e-01
1.64000000e-06,2.28468750e-01
1.72000000e-06,2.22164063e-01
1.80000000e-06,2.15882813e-01
1.88000000e-06,2.09226563e-01
1.96000000e-06,2.02773438e-01
2.04000000e-06,1.96718750e-01
2.12000000e-06,1.91726563e-01
2.20000000e-06,1.87296875e-01
2.28000000e-06,1.82742188e-01
2.36000000e-06,1.78070313e-01
2.44000000e-06,1.73109375e-01
2.52000000e-06,1.68593750e-01
2.60000000e-06,1.64867188e-01
2.68000000e-06,1.61234375e-01
2.76000000e-06,1.57718750e-01
2.84000000e-06,1.54234375e-01
2.92000000e-06,1.50679688e-01
3.00000000e-06,1.47289063e-01
3.08000000e-06,1.44210938e-01
3.16000000e-06,1.41429688e-01
3.24000000e-06,1.38820313e-01
3.32000000e-06,1.36554687e-01
3.40000000e-06,1.34125000e-01
3.48000000e-06,1.31539063e-01
3.56000000e-06,1.29007813e-01
3.64000000e-06,1.27085938e-01
3.72000000e-06,1.25226563e-01
3.80000000e-06,1.23039063e-01
3.88000000e-06,1.20515625e-01
3.96000000e-06,1.18054688e-01
4.04000000e-06,1.15968750e-01
4.12000000e-06,1.14812500e-01
4.20000000e-06,1.13468750e-01
4.28000000e-06,1.12320313e-01
4.36000000e-06,1.10664063e-01
4.44000000e-06,1.08640625e-01
4.52000000e-06,1.06687500e-01
4.60000000e-06,1.05140625e-01
4.68000000e-06,1.03929688e-01
4.76000000e-06,1.02984375e-01
4.84000000e-06,1.02078125e-01
4.92000000e-06,1.01000000e-01
5.00000000e-06,9.94140625e-02
5.08000000e-06,9.72968750e-02
5.16000000e-06,9.55312500e-02
5.24000000e-06,9.54062500e-02
5.32000000e-06,9.49843750e-02
5.40000000e-06,9.39843750e-02
5.48000000e-06,9.22578125e-02
5.56000000e-06,9.05078125e-02
5.64000000e-06,8.90234375e-02
5.72000000e-06,8.84843750e-02
5.80000000e-06,8.82890625e-02
5.88000000e-06,8.80000000e-02
5.96000000e-06,8.73125000e-02
6.04000000e-06,8.56015625e-02
6.12000000e-06,8.40859375e-02
6.20000000e-06,8.31953125e-02
6.28000000e-06,8.25859375e-02
6.36000000e-06,8.23593750e-02
6.44000000e-06,8.17109375e-02
6.52000000e-06,8.07578125e-02
6.60000000e-06,7.96718750e-02
6.68000000e-06,7.89531250e-02
6.76000000e-06,7.78515625e-02
6.84000000e-06,7.70703125e-02
6.92000000e-06,7.65234375e-02
7.00000000e-06,7.59765625e-02
7.08000000e-06,7.55078125e-02
7.16000000e-06,7.51953125e-02
7.24000000e-06,7.46875000e-02
7.32000000e-06,7.41640625e-02
7.40000000e-06,7.35078125e-02
7.48000000e-06,7.21953125e-02
7.56000000e-06,7.10234375e-02
7.64000000e-06,7.05312500e-02
7.72000000e-06,7.03125000e-02
7.80000000e-06,7.01484375e-02
7.88000000e-06,6.97500000e-02
7.96000000e-06,6.89921875e-02
8.04000000e-06,6.82109375e-02
8.12000000e-06,6.73046875e-02
8.20000000e-06,6.67656250e-02
8.28000000e-06,6.61953125e-02
8.36000000e-06,6.61718750e-02
8.44000000e-06,6.61796875e-02
8.52000000e-06,6.58046875e-02
8.60000000e-06,6.47890625e-02
8.68000000e-06,6.35234375e-02
8.76000000e-06,6.29687500e-02
8.84000000e-06,6.28281250e-02
8.92000000e-06,6.29140625e-02
9.00000000e-06,6.25234375e-02
9.08000000e-06,6.17265625e-02
9.16000000e-06,6.08203125e-02
9.24000000e-06,5.99843750e-02
9.32000000e-06,5.98125000e-02
9.40000000e-06,6.01328125e-02
9.48000000e-06,6.02421875e-02
9.56000000e-06,5.96562500e-02
9.64000000e-06,5.86796875e-02
9.72000000e-06,5.77421875e-02
9.80000000e-06,5.75156250e-02
9.88000000e-06,5.73359375e-02
9.96000000e-06,5.72500000e-02
1.00400000e-05,5.67265625e-02
1.01200000e-05,5.61718750e-02
1.02000000e-05,5.54375000e-02
1.02800000e-05,5.49531250e-02
1.03600000e-05,5.46328125e-02
1.04400000e-05,5.45312500e-02
1.05200000e-05,5.44140625e-02
1.06000000e-05,5.41640625e-02
1.06800000e-05,5.35468750e-02
1.07600000e-05,5.29921875e-02
1.08400000e-05,5.30312500e-02
1.09200000e-05,5.32187500e-02
1.10000000e-05,5.28828125e-02
1.10800000e-05,5.19609375e-02
1.11600000e-05,5.08359375e-02
1.12400000e-05,5.03750000e-02
1.13200000e-05,5.05078125e-02
1.14000000e-05,5.07187500e-02
1.14800000e-05,5.08203125e-02
1.15600000e-05,5.05703125e-02
1.16400000e-05,4.95859375e-02
1.17200000e-05,4.86875000e-02
1.18000000e-05,4.82421875e-02
1.18800000e-05,4.82968750e-02
1.19600000e-05,4.83906250e-02
1.20400000e-05,4.86015625e-02
1.21200000e-05,4.85468750e-02
1.22000000e-05,4.78437500e-02
1.22800000e-05,4.66718750e-02
1.23600000e-05,4.60312500e-02
1.24400000e-05,4.65390625e-02
1.25200000e-05,4.68359375e-02
1.26000000e-05,4.67500000e-02
1.26800000e-05,4.60234375e-02
1.27600000e-05,4.48828125e-02
1.28400000e-05,4.43515625e-02
1.29200000e-05,4.45468750e-02
1.30000000e-05,4.48984375e-02
1.30800000e-05,4.53593750e-02
1.31600000e-05,4.50937500e-02
1.32400000e-05,4.41250000e-02
1.33200000e-05,4.31718750e-02
1.34000000e-05,4.28984375e-02
1.34800000e-05,4.27890625e-02
1.35600000e-05,4.32734375e-02
1.36400000e-05,4.32890625e-02
1.37200000e-05,4.28046875e-02
1.38000000e-05,4.19609375e-02
1.38800000e-05,4.14687500e-02
1.39600000e-05,4.11718750e-02
1.40400000e-05,4.11718750e-02
1.41200000e-05,4.12500000e-02
1.42000000e-05,4.11093750e-02
1.42800000e-05,4.10156250e-02
1.43600000e-05,4.05859375e-02
1.44400000e-05,4.07812500e-02
1.45200000e-05,4.08359375e-02
1.46000000e-05,4.05390625e-02
1.46800000e-05,3.97343750e-02
1.47600000e-05,3.89765625e-02
1.48400000e-05,3.86796875e-02
1.49200000e-05,3.90546875e-02
1.50000000e-05,3.92265625e-02
1.50800000e-05,3.91484375e-02
1.51600000e-05,3.88437500e-02
1.52400000e-05,3.82421875e-02
1.53200000e-05,3.80078125e-02
1.54000000e-05,3.74765625e-02
1.54800000e-05,3.74609375e-02
1.55600000e-05,3.74843750e-02
1.56400000e-05,3.78750000e-02
1.57200000e-05,3.80078125e-02
1.58000000e-05,3.74531250e-02
1.58800000e-05,3.63359375e-02
1.59600000e-05,3.56718750e-02
1.60400000e-05,3.62656250e-02
1.61200000e-05,3.67187500e-02
1.62000000e-05,3.67812500e-02
1.62800000e-05,3.62343750e-02
1.63600000e-05,3.53203125e-02
1.64400000e-05,3.45781250e-02
1.65200000e-05,3.47578125e-02
1.66000000e-05,3.53281250e-02
1.66800000e-05,3.58906250e-02
1.67600000e-05,3.57500000e-02
1.68400000e-05,3.49375000e-02
1.69200000e-05,3.38906250e-02
1.70000000e-05,3.39765625e-02
1.70800000e-05,3.41093750e-02
1.71600000e-05,3.44140625e-02
1.72400000e-05,3.41328125e-02
1.73200000e-05,3.36562500e-02
1.74000000e-05,3.33437500e-02
1.74800000e-05,3.31953125e-02
1.75600000e-05,3.30156250e-02
1.76400000e-05,3.28437500e-02
1.77200000e-05,3.27812500e-02
1.78000000e-05,3.27031250e-02
1.78800000e-05,3.25468750e-02
1.79600000e-05,3.27109375e-02
1.80400000e-05,3.28203125e-02
1.81200000e-05,3.27578125e-02
1.82000000e-05,3.25312500e-02
1.82800000e-05,3.18984375e-02
1.83600000e-05,3.12812500e-02
1.84400000e-05,3.10000000e-02
1.85200000e-05,3.13125000e-02
1.86000000e-05,3.15781250e-02
1.86800000e-05,3.16484375e-02
1.87600000e-05,3.15000000e-02
1.88400000e-05,3.09921875e-02
1.89200000e-05,3.04218750e-02
1.90000000e-05,2.99765625e-02
1.90800000e-05,3.00312500e-02
1.91600000e-05,3.05859375e-02
1.92400000e-05,3.09531250e-02
1.93200000e-05,3.09218750e-02
1.94000000e-05,3.02500000e-02
1.94800000e-05,2.92812500e-02
1.95600000e-05,2.90234375e-02
1.96400000e-05,2.95546875e-02
1.97200000e-05,3.01093750e-02
1.98000000e-05,3.00312500e-02
1.98800000e-05,2.93593750e-02
1.99600000e-05,2.86015625e-02
2.00400000e-05,2.83281250e-02
2.01200000e-05,2.83984375e-02
2.02000000e-05,2.91328125e-02
2.02800000e-05,2.94218750e-02
2.03600000e-05,2.94843750e-02
2.04400000e-05,2.86328125e-02
2.05200000e-05,2.79140625e-02
2.06000000e-05,2.77578125e-02
2.06800000e-05,2.77656250e-02
2.07600000e-05,2.82578125e-02
2.08400000e-05,2.82656250e-02
2.09200000e-05,2.80078125e-02
2.10000000e-05,2.74609375e-02
2.10800000e-05,2.72421875e-02
2.11600000e-05,2.68906250e-02
2.12400000e-05,2.69531250e-02
2.13200000e-05,2.71562500e-02
2.14000000e-05,2.72031250e-02
2.14800000e-05,2.71328125e-02
2.15600000e-05,2.67968750e-02
2.16400000e-05,2.71015625e-02
2.17200000e-05,2.73984375e-02
2.18000000e-05,2.72734375e-02
2.18800000e-05,2.66406250e-02
2.19600000e-05,2.59062500e-02
2.20400000e-05,2.56562500e-02
2.21200000e-05,2.60625000e-02
2.22000000e-05,2.61718750e-02
2.22800000e-05,2.63906250e-02
2.23600000e-05,2.63359375e-02
2.24400000e-05,2.59609375e-02
2.25200000e-05,2.56015625e-02
2.26000000e-05,2.51406250e-02
2.26800000e-05,2.51640625e-02
2.27600000e-05,2.54062500e-02
2.28400000e-05,2.56796875e-02
2.29200000e-05,2.61640625e-02
2.30000000e-05,2.56640625e-02
2.30800000e-05,2.47421875e-02
2.31600000e-05,2.42578125e-02
2.32400000e-05,2.46875000e-02
2.33200000e-05,2.51718750e-02
2.34000000e-05,2.53046875e-02
2.34800000e-05,2.48437500e-02
2.35600000e-05,2.41953125e-02
2.36400000e-05,2.36484375e-02
2.37200000e-05,2.39218750e-02
2.38000000e-05,2.45937500e-02
2.38800000e-05,2.49296875e-02
2.39600000e-05,2.48359375e-02
2.40400000e-05,2.40078125e-02
2.41200000e-05,2.33906250e-02
2.42000000e-05,2.36640625e-02
2.42800000e-05,2.38984375e-02
2.43600000e-05,2.39375000e-02
2.44400000e-05,2.39218750e-02
2.45200000e-05,2.35546875e-02
2.46000000e-05,2.32109375e-02
2.46800000e-05,2.29453125e-02
2.47600000e-05,2.27656250e-02
2.48400000e-05,2.27734375e-02
2.49200000e-05,2.31250000e-02
2.50000000e-05,2.31562500e-02
2.50800000e-05,2.29921875e-02
2.51600000e-05,2.27265625e-02
2.52400000e-05,2.30937500e-02
2.53200000e-05,2.33750000e-02
2.54000000e-05,2.31953125e-02
2.54800000e-05,2.25546875e-02
2.55600000e-05,2.18750000e-02
2.56400000e-05,2.16484375e-02
2.57200000e-05,2.20078125e-02
2.58000000e-05,2.22265625e-02
2.58800000e-05,2.25859375e-02
2.59600000e-05,2.25078125e-02
2.60400000e-05,2.20390625e-02
2.61200000e-05,2.14296875e-02
2.62000000e-05,2.12656250e-02
2.62800000e-05,2.14765625e-02
2.63600000e-05,2.18750000e-02
2.64400000e-05,2.22031250e-02
2.65200000e-05,2.22578125e-02
2.66000000e-05,2.17265625e-02
2.66800000e-05,2.09296875e-02
2.67600000e-05,2.02109375e-02
2.68400000e-05,2.11718750e-02
2.69200000e-05,2.18906250e-02
2.70000000e-05,2.20546875e-02
2.70800000e-05,2.13515625e-02
2.71600000e-05,2.04843750e-02
2.72400000e-05,1.98906250e-02
2.73200000e-05,2.03203125e-02
2.74000000e-05,2.10468750e-02
2.74800000e-05,2.16328125e-02
2.75600000e-05,2.15234375e-02
2.76400000e-05,2.07343750e-02
2.77200000e-05,1.99531250e-02
2.78000000e-05,1.98046875e-02
2.78800000e-05,1.98984375e-02
2.79600000e-05,2.05234375e-02
2.80400000e-05,2.07500000e-02
2.81200000e-05,2.03593750e-02
2.82000000e-05,1.99765625e-02
2.82800000e-05,1.98671875e-02
2.83600000e-05,1.96953125e-02
2.84400000e-05,1.96171875e-02
2.85200000e-05,1.96562500e-02
2.86000000e-05,1.98125000e-02
2.86800000e-05,1.98359375e-02
2.87600000e-05,2.00781250e-02
2.88400000e-05,2.00468750e-02
2.89200000e-05,2.01015625e-02
2.90000000e-05,1.99687500e-02
2.90800000e-05,1.94062500e-02
2.91600000e-05,1.88750000e-02
2.92400000e-05,1.86875000e-02
2.93200000e-05,1.91250000e-02
2.94000000e-05,1.95234375e-02
2.94800000e-05,1.96875000e-02
2.95600000e-05,1.92890625e-02
2.96400000e-05,1.91015625e-02
2.97200000e-05,1.87890625e-02
2.98000000e-05,1.85625000e-02
2.98800000e-05,1.83750000e-02
2.99600000e-05,1.88984375e-02
3.00400000e-05,1.94921875e-02
3.01200000e-05,1.94921875e-02
3.02000000e-05,1.90156250e-02
3.02800000e-05,1.82890625e-02
3.03600000e-05,1.80781250e-02
3.04400000e-05,1.84843750e-02
3.05200000e-05,1.89531250e-02
3.06000000e-05,1.90390625e-02
3.06800000e-05,1.85625000e-02
3.07600000e-05,1.80546875e-02
3.08400000e-05,1.76562500e-02
3.09200000e-05,1.77890625e-02
3.10000000e-05,1.84921875e-02
3.10800000e-05,1.89531250e-02
3.11600000e-05,1.88203125e-02
3.12400000e-05,1.81953125e-02
3.13200000e-05,1.77109375e-02
3.14000000e-05,1.78593750e-02
3.14800000e-05,1.80234375e-02
3.15600000e-05,1.82109375e-02
3.16400000e-05,1.80703125e-02
3.17200000e-05,1.77890625e-02
3.18000000e-05,1.74531250e-02
3.18800000e-05,1.72812500e-02
3.19600000e-05,1.72109375e-02
3.20400000e-05,1.73750000e-02
3.21200000e-05,1.76484375e-02
3.22000000e-05,1.76953125e-02
3.22800000e-05,1.74921875e-02
3.23600000e-05,1.74218750e-02
3.24400000e-05,1.76093750e-02
3.25200000e-05,1.80468750e-02
3.26000000e-05,1.81171875e-02
3.26800000e-05,1.74218750e-02
3.27600000e-05,1.65234375e-02
3.28400000e-05,1.64218750e-02
3.29200000e-05,1.68203125e-02
3.30000000e-05,1.71718750e-02
3.30800000e-05,1.75312500e-02
3.31600000e-05,1.75703125e-02
3.32400000e-05,1.70781250e-02
3.33200000e-05,1.64609375e-02
3.34000000e-05,1.63046875e-02
3.34800000e-05,1.65625000e-02
3.35600000e-05,1.68593750e-02
3.36400000e-05,1.71953125e-02
3.37200000e-05,1.75468750e-02
3.38000000e-05,1.70859375e-02
3.38800000e-05,1.62343750e-02
3.39600000e-05,1.57812500e-02
3.40400000e-05,1.64609375e-02
3.41200000e-05,1.70625000e-02
3.42000000e-05,1.71875000e-02
3.42800000e-05,1.67265625e-02
3.43600000e-05,1.58515625e-02
3.44400000e-05,1.55312500e-02
3.45200000e-05,1.59687500e-02
3.46000000e-05,1.65625000e-02
3.46800000e-05,1.71250000e-02
3.47600000e-05,1.70781250e-02
3.48400000e-05,1.63671875e-02
3.49200000e-05,1.57031250e-02
3.50000000e-05,1.56093750e-02
3.50800000e-05,1.57187500e-02
3.51600000e-05,1.62265625e-02
3.52400000e-05,1.66406250e-02
3.53200000e-05,1.63750000e-02
3.54000000e-05,1.56796875e-02
3.54800000e-05,1.54218750e-02
3.55600000e-05,1.53671875e-02
3.56400000e-05,1.54375000e-02
3.57200000e-05,1.57187500e-02
3.58000000e-05,1.58359375e-02
3.58800000e-05,1.57812500e-02
3.59600000e-05,1.56171875e-02
3.60400000e-05,1.58906250e-02
3.61200000e-05,1.63359375e-02
3.62000000e-05,1.61484375e-02
3.62800000e-05,1.54843750e-02
3.63600000e-05,1.49843750e-02
3.64400000e-05,1.47578125e-02
3.65200000e-05,1.52890625e-02
3.66000000e-05,1.55312500e-02
3.66800000e-05,1.57500000e-02
3.67600000e-05,1.55859375e-02
3.68400000e-05,1.51718750e-02
3.69200000e-05,1.50078125e-02
3.70000000e-05,1.47109375e-02
3.70800000e-05,1.47421875e-02
3.71600000e-05,1.50156250e-02
3.72400000e-05,1.56015625e-02
3.73200000e-05,1.60000000e-02
3.74000000e-05,1.55937500e-02
3.74800000e-05,1.46250000e-02
3.75600000e-05,1.40000000e-02
3.76400000e-05,1.48281250e-02
3.77200000e-05,1.54375000e-02
3.78000000e-05,1.56953125e-02
3.78800000e-05,1.51406250e-02
3.79600000e-05,1.43125000e-02
3.80400000e-05,1.38359375e-02
3.81200000e-05,1.41328125e-02
3.82000000e-05,1.48359375e-02
3.82800000e-05,1.56718750e-02
3.83600000e-05,1.57187500e-02
3.84400000e-05,1.49843750e-02
3.85200000e-05,1.41406250e-02
3.86000000e-05,1.43281250e-02
3.86800000e-05,1.46250000e-02
3.87600000e-05,1.49765625e-02
3.88400000e-05,1.46406250e-02
3.89200000e-05,1.44531250e-02
3.90000000e-05,1.42421875e-02
3.90800000e-05,1.41796875e-02
3.91600000e-05,1.41328125e-02
3.92400000e-05,1.42109375e-02
3.93200000e-05,1.42890625e-02
3.94000000e-05,1.44765625e-02
3.94800000e-05,1.42656250e-02
3.95600000e-05,1.46093750e-02
3.96400000e-05,1.47734375e-02
3.97200000e-05,1.47578125e-02
3.98000000e-05,1.46640625e-02
3.98800000e-05,1.41093750e-02
3.99600000e-05,1.36015625e-02
4.00400000e-05,1.35781250e-02
4.01200000e-05,1.38281250e-02
4.02000000e-05,1.42734375e-02
4.02800000e-05,1.45390625e-02
4.03600000e-05,1.45859375e-02
4.04400000e-05,1.41015625e-02
4.05200000e-05,1.35781250e-02
4.06000000e-05,1.32812500e-02
4.06800000e-05,1.35703125e-02
4.07600000e-05,1.40078125e-02
4.08400000e-05,1.43828125e-02
4.09200000e-05,1.44375000e-02
4.10000000e-05,1.38515625e-02
4.10800000e-05,1.32500000e-02
4.11600000e-05,1.30312500e-02
4.12400000e-05,1.35859375e-02
4.13200000e-05,1.42734375e-02
4.14000000e-05,1.43906250e-02
4.14800000e-05,1.38515625e-02
4.15600000e-05,1.31796875e-02
4.16400000e-05,1.28750000e-02
4.17200000e-05,1.30703125e-02
4.18000000e-05,1.37656250e-02
4.18800000e-05,1.41640625e-02
4.19600000e-05,1.42656250e-02
4.20400000e-05,1.34843750e-02
4.21200000e-05,1.29531250e-02
4.22000000e-05,1.29296875e-02
4.22800000e-05,1.30078125e-02
4.23600000e-05,1.35625000e-02
4.24400000e-05,1.37734375e-02
4.25200000e-05,1.35859375e-02
4.26000000e-05,1.31250000e-02
4.26800000e-05,1.30078125e-02
4.27600000e-05,1.27500000e-02
4.28400000e-05,1.28046875e-02
4.29200000e-05,1.29218750e-02
4.30000000e-05,1.31015625e-02
4.30800000e-05,1.32031250e-02
4.31600000e-05,1.30312500e-02
4.32400000e-05,1.34375000e-02
4.33200000e-05,1.37421875e-02
4.34000000e-05,1.36875000e-02
4.34800000e-05,1.31796875e-02
4.35600000e-05,1.25234375e-02
4.36400000e-05,1.24218750e-02
4.37200000e-05,1.27968750e-02
4.38000000e-05,1.29765625e-02
4.38800000e-05,1.31718750e-02
4.39600000e-05,1.31640625e-02
4.40400000e-05,1.28046875e-02
4.41200000e-05,1.25234375e-02
4.42000000e-05,1.22734375e-02
4.42800000e-05,1.23906250e-02
4.43600000e-05,1.27031250e-02
4.44400000e-05,1.31250000e-02
4.45200000e-05,1.34687500e-02
4.46000000e-05,1.32343750e-02
4.46800000e-05,1.24453125e-02
4.47600000e-05,1.19140625e-02
4.48400000e-05,1.24609375e-02
4.49200000e-05,1.28984375e-02
4.50000000e-05,1.31640625e-02
4.50800000e-05,1.28203125e-02
4.51600000e-05,1.20312500e-02
4.52400000e-05,1.16796875e-02
4.53200000e-05,1.20546875e-02
4.54000000e-05,1.27890625e-02
4.54800000e-05,1.32734375e-02
4.55600000e-05,1.31640625e-02
4.56400000e-05,1.25781250e-02
4.57200000e-05,1.19609375e-02
4.58000000e-05,1.20546875e-02
4.58800000e-05,1.22187500e-02
4.59600000e-05,1.24531250e-02
4.60400000e-05,1.25781250e-02
4.61200000e-05,1.21718750e-02
4.62000000e-05,1.18437500e-02
4.62800000e-05,1.17343750e-02
4.63600000e-05,1.18125000e-02
4.64400000e-05,1.18203125e-02
4.65200000e-05,1.20781250e-02
4.66000000e-05,1.23125000e-02
4.66800000e-05,1.21953125e-02
4.67600000e-05,1.19062500e-02
4.68400000e-05,1.22343750e-02
4.69200000e-05,1.26718750e-02
4.70000000e-05,1.24375000e-02
4.70800000e-05,1.19765625e-02
4.71600000e-05,1.14140625e-02
4.72400000e-05,1.12265625e-02
4.73200000e-05,1.17265625e-02
4.74000000e-05,1.20390625e-02
4.74800000e-05,1.23828125e-02
4.75600000e-05,1.23046875e-02
4.76400000e-05,1.18437500e-02
4.77200000e-05,1.14453125e-02
4.78000000e-05,1.12734375e-02
4.78800000e-05,1.13828125e-02
4.79600000e-05,1.17187500e-02
4.80400000e-05,1.22031250e-02
4.81200000e-05,1.24296875e-02
4.82000000e-05,1.20156250e-02
4.82800000e-05,1.12421875e-02
4.83600000e-05,1.07968750e-02
4.84400000e-05,1.16093750e-02
4.85200000e-05,1.23828125e-02
4.86000000e-05,1.24765625e-02
4.86800000e-05,1.18359375e-02
4.87600000e-05,1.11093750e-02
4.88400000e-05,1.06406250e-02
4.89200000e-05,1.09609375e-02
4.90000000e-05,1.16328125e-02
4.90800000e-05,1.22187500e-02
4.91600000e-05,1.23593750e-02
4.92400000e-05,1.16875000e-02
4.93200000e-05,1.09843750e-02
4.94000000e-05,1.09375000e-02
4.94800000e-05,1.10468750e-02
4.95600000e-05,1.16328125e-02
4.96400000e-05,1.17890625e-02
4.97200000e-05,1.15000000e-02
4.98000000e-05,1.12031250e-02
4.98800000e-05,1.11718750e-02
4.99600000e-05,1.08671875e-02
5.00400000e-05,1.08984375e-02
5.01200000e-05,1.09765625e-02
5.02000000e-05,1.11406250e-02
5.02800000e-05,1.13515625e-02
5.03600000e-05,1.16328125e-02
5.04400000e-05,1.16953125e-02
5.05200000e-05,1.17265625e-02
5.06000000e-05,1.16171875e-02
5.06800000e-05,1.10703125e-02
5.07600000e-05,1.04531250e-02
5.08400000e-05,1.05156250e-02
5.09200000e-05,1.09140625e-02
5.10000000e-05,1.13437500e-02
5.10800000e-05,1.14218750e-02
5.11600000e-05,1.13359375e-02
5.12400000e-05,1.10937500e-02
5.13200000e-05,1.07968750e-02
5.14000000e-05,1.06406250e-02
5.14800000e-05,1.07031250e-02
5.15600000e-05,1.10781250e-02
5.16400000e-05,1.15546875e-02
5.17200000e-05,1.16328125e-02
5.18000000e-05,1.12343750e-02
5.18800000e-05,1.05078125e-02
5.19600000e-05,1.04218750e-02
5.20400000e-05,1.07578125e-02
5.21200000e-05,1.12890625e-02
5.22000000e-05,1.12343750e-02
5.22800000e-05,1.10234375e-02
5.23600000e-05,1.06562500e-02
5.24400000e-05,1.01953125e-02
5.25200000e-05,1.04453125e-02
5.26000000e-05,1.09921875e-02
5.26800000e-05,1.16484375e-02
5.27600000e-05,1.14531250e-02
5.28400000e-05,1.07265625e-02
5.29200000e-05,1.02734375e-02
5.30000000e-05,1.05468750e-02
5.30800000e-05,1.07265625e-02
5.31600000e-05,1.10234375e-02
5.32400000e-05,1.09296875e-02
5.33200000e-05,1.07109375e-02
5.34000000e-05,1.03593750e-02
5.34800000e-05,1.02031250e-02
5.35600000e-05,1.02812500e-02
5.36400000e-05,1.03281250e-02
5.37200000e-05,1.06953125e-02
5.38000000e-05,1.06875000e-02
5.38800000e-05,1.04609375e-02
5.39600000e-05,1.03593750e-02
5.40400000e-05,1.06875000e-02
5.41200000e-05,1.11718750e-02
5.42000000e-05,1.11796875e-02
5.42800000e-05,1.08046875e-02
5.43600000e-05,9.96875000e-03
5.44400000e-05,9.72656250e-03
5.45200000e-05,1.01171875e-02
5.46000000e-05,1.05078125e-02
5.46800000e-05,1.10156250e-02
5.47600000e-05,1.09609375e-02
5.48400000e-05,1.05546875e-02
5.49200000e-05,9.94531250e-03
5.50000000e-05,9.77343750e-03
5.50800000e-05,9.92187500e-03
5.51600000e-05,1.02656250e-02
5.52400000e-05,1.07265625e-02
5.53200000e-05,1.10703125e-02
5.54000000e-05,1.07656250e-02
5.54800000e-05,1.00000000e-02
5.55600000e-05,9.64843750e-03
5.56400000e-05,1.01250000e-02
5.57200000e-05,1.07656250e-02
5.58000000e-05,1.08203125e-02
5.58800000e-05,1.04062500e-02
5.59600000e-05,9.68750000e-03
5.60400000e-05,9.28125000e-03
5.61200000e-05,9.67968750e-03
5.62000000e-05,1.03125000e-02
5.62800000e-05,1.10390625e-02
5.63600000e-05,1.10781250e-02
5.64400000e-05,1.04453125e-02
5.65200000e-05,9.72656250e-03
5.66000000e-05,9.63281250e-03
5.66800000e-05,9.77343750e-03
5.67600000e-05,1.03359375e-02
5.68400000e-05,1.05937500e-02
5.69200000e-05,1.04375000e-02
5.70000000e-05,9.80468750e-03
5.70800000e-05,9.53125000e-03
5.71600000e-05,9.47656250e-03
5.72400000e-05,9.69531250e-03
5.73200000e-05,1.00312500e-02
5.74000000e-05,1.01875000e-02
5.74800000e-05,1.01328125e-02
5.75600000e-05,9.88281250e-03
5.76400000e-05,1.02187500e-02
5.77200000e-05,1.06640625e-02
5.78000000e-05,1.04375000e-02
5.78800000e-05,9.86718750e-03
5.79600000e-05,9.43750000e-03
5.80400000e-05,9.18750000e-03
5.81200000e-05,9.79687500e-03
5.82000000e-05,1.00234375e-02
5.82800000e-05,1.03281250e-02
5.83600000e-05,1.01093750e-02
5.84400000e-05,9.75781250e-03
5.85200000e-05,9.61718750e-03
5.86000000e-05,9.38281250e-03
5.86800000e-05,9.51562500e-03
5.87600000e-05,9.63281250e-03
5.88400000e-05,1.01328125e-02
5.89200000e-05,1.04843750e-02
5.90000000e-05,1.03125000e-02
5.90800000e-05,9.42968750e-03
5.91600000e-05,8.81250000e-03
5.92400000e-05,9.56250000e-03
5.93200000e-05,1.02656250e-02
5.94000000e-05,1.04453125e-02
5.94800000e-05,1.00468750e-02
5.95600000e-05,9.31250000e-03
5.96400000e-05,8.85156250e-03
5.97200000e-05,9.18750000e-03
5.98000000e-05,9.75781250e-03
5.98800000e-05,1.04453125e-02
5.99600000e-05,1.04921875e-02
6.00400000e-05,9.95312500e-03
6.01200000e-05,9.07031250e-03
6.02000000e-05,9.25781250e-03
6.02800000e-05,9.58593750e-03
6.03600000e-05,1.00312500e-02
6.04400000e-05,9.90625000e-03
6.05200000e-05,9.54687500e-03
6.06000000e-05,9.27343750e-03
6.06800000e-05,9.27343750e-03
6.07600000e-05,9.28906250e-03
6.08400000e-05,9.25781250e-03
6.09200000e-05,9.32812500e-03
6.10000000e-05,9.47656250e-03
6.10800000e-05,9.39843750e-03
6.11600000e-05,9.75000000e-03
6.12400000e-05,9.89843750e-03
6.13200000e-05,1.00468750e-02
6.14000000e-05,1.00625000e-02
6.14800000e-05,9.32031250e-03
6.15600000e-05,8.66406250e-03
6.16400000e-05,8.77343750e-03
6.17200000e-05,9.07031250e-03
6.18000000e-05,9.57031250e-03
6.18800000e-05,9.71093750e-03
6.19600000e-05,9.75000000e-03
6.20400000e-05,9.35937500e-03
6.21200000e-05,8.87500000e-03
6.22000000e-05,8.64062500e-03
6.22800000e-05,8.89062500e-03
6.23600000e-05,9.46875000e-03
6.24400000e-05,9.87500000e-03
6.25200000e-05,1.00781250e-02
6.26000000e-05,9.52343750e-03
6.26800000e-05,8.77343750e-03
6.27600000e-05,8.53906250e-03
6.28400000e-05,9.14843750e-03
6.29200000e-05,9.62500000e-03
6.30000000e-05,9.81250000e-03
6.30800000e-05,9.37500000e-03
6.31600000e-05,8.65625000e-03
6.32400000e-05,8.28906250e-03
6.33200000e-05,8.66406250e-03
6.34000000e-05,9.41406250e-03
6.34800000e-05,9.93750000e-03
6.35600000e-05,1.00078125e-02
6.36400000e-05,9.42187500e-03
6.37200000e-05,8.78906250e-03
6.38000000e-05,8.73437500e-03
6.38800000e-05,8.72656250e-03
6.39600000e-05,9.28125000e-03
6.40400000e-05,9.53906250e-03
6.41200000e-05,9.32812500e-03
6.42000000e-05,8.90625000e-03
6.42800000e-05,8.85937500e-03
6.43600000e-05,8.63281250e-03
6.44400000e-05,8.71875000e-03
6.45200000e-05,8.82031250e-03
6.46000000e-05,9.01562500e-03
6.46800000e-05,9.07031250e-03
6.47600000e-05,8.98437500e-03
6.48400000e-05,9.22656250e-03
6.49200000e-05,9.60156250e-03
6.50000000e-05,9.58593750e-03
6.50800000e-05,9.00781250e-03
6.51600000e-05,8.48437500e-03
6.52400000e-05,8.35156250e-03
6.53200000e-05,8.73437500e-03
6.54000000e-05,8.96875000e-03
6.54800000e-05,9.15625000e-03
6.55600000e-05,9.21093750e-03
6.56400000e-05,8.96875000e-03
6.57200000e-05,8.59375000e-03
6.58000000e-05,8.42968750e-03
6.58800000e-05,8.30468750e-03
6.59600000e-05,8.68750000e-03
6.60400000e-05,9.15625000e-03
6.61200000e-05,9.57031250e-03
6.62000000e-05,9.27343750e-03
6.62800000e-05,8.64062500e-03
6.63600000e-05,8.17187500e-03
6.64400000e-05,8.71875000e-03
6.65200000e-05,9.10937500e-03
6.66000000e-05,9.35156250e-03
6.66800000e-05,9.00000000e-03
6.67600000e-05,8.23437500e-03
6.68400000e-05,7.90625000e-03
6.69200000e-05,8.26562500e-03
6.70000000e-05,8.96875000e-03
6.70800000e-05,9.46093750e-03
6.71600000e-05,9.42187500e-03
6.72400000e-05,8.73437500e-03
6.73200000e-05,8.28906250e-03
6.74000000e-05,8.50000000e-03
6.74800000e-05,8.72656250e-03
6.75600000e-05,8.84375000e-03
6.76400000e-05,8.95312500e-03
6.77200000e-05,8.70312500e-03
6.78000000e-05,8.36718750e-03
6.78800000e-05,8.17187500e-03
6.79600000e-05,8.23437500e-03
6.80400000e-05,8.19531250e-03
6.81200000e-05,8.47656250e-03
6.82000000e-05,8.67187500e-03
6.82800000e-05,8.65625000e-03
6.83600000e-05,8.54687500e-03
6.84400000e-05,8.91406250e-03
6.85200000e-05,9.20312500e-03
6.86000000e-05,9.15625000e-03
6.86800000e-05,8.64843750e-03
6.87600000e-05,8.02343750e-03
6.88400000e-05,7.71875000e-03
6.89200000e-05,8.25000000e-03
6.90000000e-05,8.58593750e-03
6.90800000e-05,9.02343750e-03
6.91600000e-05,8.89843750e-03
6.92400000e-05,8.47656250e-03
6.93200000e-05,8.07812500e-03
6.94000000e-05,7.99218750e-03
6.94800000e-05,8.08593750e-03
6.95600000e-05,8.53125000e-03
6.96400000e-05,8.92968750e-03
6.97200000e-05,9.09375000e-03
6.98000000e-05,8.75000000e-03
6.98800000e-05,7.93750000e-03
6.99600000e-05,7.25781250e-03
7.00400000e-05,8.16406250e-03
7.01200000e-05,9.08593750e-03
7.02000000e-05,9.26562500e-03
7.02800000e-05,8.66406250e-03
7.03600000e-05,7.85156250e-03
7.04400000e-05,7.44531250e-03
7.05200000e-05,7.71093750e-03
7.06000000e-05,8.57031250e-03
7.06800000e-05,9.26562500e-03
7.07600000e-05,9.32812500e-03
7.08400000e-05,8.42968750e-03
7.09200000e-05,7.76562500e-03
7.10000000e-05,7.70312500e-03
7.10800000e-05,7.82812500e-03
7.11600000e-05,8.50000000e-03
7.12400000e-05,8.70312500e-03
7.13200000e-05,8.50781250e-03
7.14000000e-05,8.23437500e-03
7.14800000e-05,8.11718750e-03
7.15600000e-05,7.97656250e-03
7.16400000e-05,7.86718750e-03
7.17200000e-05,7.93750000e-03
7.18000000e-05,8.11718750e-03
7.18800000e-05,8.22656250e-03
7.19600000e-05,8.39062500e-03
7.20400000e-05,8.61718750e-03
7.21200000e-05,8.68750000e-03
7.22000000e-05,8.65625000e-03
7.22800000e-05,8.21875000e-03
7.23600000e-05,7.66406250e-03
7.24400000e-05,7.71875000e-03
7.25200000e-05,7.98437500e-03
7.26000000e-05,8.42968750e-03
7.26800000e-05,8.64843750e-03
7.27600000e-05,8.44531250e-03
7.28400000e-05,8.18750000e-03
7.29200000e-05,7.80468750e-03
7.30000000e-05,7.65625000e-03
7.30800000e-05,7.62500000e-03
7.31600000e-05,8.11718750e-03
7.32400000e-05,8.63281250e-03
7.33200000e-05,8.88281250e-03
7.34000000e-05,8.48437500e-03
7.34800000e-05,7.74218750e-03
7.35600000e-05,7.66406250e-03
7.36400000e-05,7.92187500e-03
7.37200000e-05,8.55468750e-03
7.38000000e-05,8.58593750e-03
7.38800000e-05,8.33593750e-03
7.39600000e-05,7.72656250e-03
7.40400000e-05,7.39062500e-03
7.41200000e-05,7.52343750e-03
7.42000000e-05,8.15625000e-03
7.42800000e-05,8.81250000e-03
7.43600000e-05,8.73437500e-03
7.44400000e-05,8.25781250e-03
7.45200000e-05,7.71875000e-03
7.46000000e-05,7.85156250e-03
7.46800000e-05,8.00781250e-03
7.47600000e-05,8.22656250e-03
7.48400000e-05,8.25000000e-03
7.49200000e-05,7.94531250e-03
7.50000000e-05,7.69531250e-03
7.50800000e-05,7.60937500e-03
7.51600000e-05,7.50000000e-03
7.52400000e-05,7.64843750e-03
7.53200000e-05,8.05468750e-03
7.54000000e-05,8.17187500e-03
7.54800000e-05,7.98437500e-03
7.55600000e-05,7.90625000e-03
7.56400000e-05,8.14843750e-03
7.57200000e-05,8.62500000e-03
7.58000000e-05,8.53125000e-03
7.58800000e-05,8.10156250e-03
7.59600000e-05,7.27343750e-03
7.60400000e-05,7.21093750e-03
7.61200000e-05,7.54687500e-03
7.62000000e-05,7.96093750e-03
7.62800000e-05,8.32812500e-03
7.63600000e-05,8.46875000e-03
7.64400000e-05,8.10156250e-03
7.65200000e-05,7.41406250e-03
7.66000000e-05,7.32812500e-03
7.66800000e-05,7.50000000e-03
7.67600000e-05,7.66406250e-03
7.68400000e-05,8.17187500e-03
7.69200000e-05,8.49218750e-03
7.70000000e-05,8.20312500e-03
7.70800000e-05,7.45312500e-03
7.71600000e-05,6.98437500e-03
7.72400000e-05,7.57812500e-03
7.73200000e-05,8.37500000e-03
7.74000000e-05,8.53906250e-03
7.74800000e-05,8.08593750e-03
7.75600000e-05,7.23437500e-03
7.76400000e-05,6.87500000e-03
7.77200000e-05,7.38281250e-03
7.78000000e-05,7.92968750e-03
7.78800000e-05,8.64062500e-03
7.79600000e-05,8.64843750e-03
7.80400000e-05,7.98437500e-03
7.81200000e-05,7.25000000e-03
7.82000000e-05,7.16406250e-03
7.82800000e-05,7.30468750e-03
7.83600000e-05,7.98437500e-03
7.84400000e-05,8.25781250e-03
7.85200000e-05,8.13281250e-03
7.86000000e-05,7.54687500e-03
7.86800000e-05,7.21875000e-03
7.87600000e-05,7.08593750e-03
7.88400000e-05,7.28906250e-03
7.89200000e-05,7.71875000e-03
7.90000000e-05,7.83593750e-03
7.90800000e-05,7.80468750e-03
7.91600000e-05,7.66406250e-03
7.92400000e-05,8.02343750e-03
7.93200000e-05,8.30468750e-03
7.94000000e-05,8.24218750e-03
7.94800000e-05,7.71093750e-03
7.95600000e-05,7.21875000e-03
7.96400000e-05,7.04687500e-03
7.97200000e-05,7.51562500e-03
7.98000000e-05,7.76562500e-03
7.98800000e-05,8.03125000e-03
7.99600000e-05,7.92968750e-03
8.00400000e-05,7.47656250e-03
8.01200000e-05,7.44531250e-03
8.02000000e-05,7.11718750e-03
8.02800000e-05,7.34375000e-03
8.03600000e-05,7.53125000e-03
8.04400000e-05,8.18750000e-03
8.05200000e-05,8.45312500e-03
8.06000000e-05,8.05468750e-03
8.06800000e-05,7.21093750e-03
8.07600000e-05,6.51562500e-03
8.08400000e-05,7.23437500e-03
8.09200000e-05,8.06250000e-03
8.10000000e-05,8.32031250e-03
8.10800000e-05,7.85937500e-03
8.11600000e-05,7.25781250e-03
8.12400000e-05,6.64843750e-03
8.13200000e-05,6.84375000e-03
8.14000000e-05,7.60937500e-03
8.14800000e-05,8.36718750e-03
8.15600000e-05,8.43750000e-03
8.16400000e-05,7.91406250e-03
8.17200000e-05,6.99218750e-03
8.18000000e-05,7.20312500e-03
8.18800000e-05,7.31250000e-03
8.19600000e-05,7.82812500e-03
8.20400000e-05,7.73437500e-03
8.21200000e-05,7.44531250e-03
8.22000000e-05,7.21875000e-03
8.22800000e-05,7.25781250e-03
8.23600000e-05,7.21093750e-03
8.24400000e-05,7.24218750e-03
8.25200000e-05,7.28906250e-03
8.26000000e-05,7.48437500e-03
8.26800000e-05,7.46093750e-03
8.27600000e-05,7.81250000e-03
8.28400000e-05,7.94531250e-03
8.29200000e-05,7.95312500e-03
8.30000000e-05,7.90625000e-03
8.30800000e-05,7.39062500e-03
8.31600000e-05,6.84375000e-03
8.32400000e-05,6.85156250e-03
8.33200000e-05,7.20312500e-03
8.34000000e-05,7.70312500e-03
8.34800000e-05,7.79687500e-03
8.35600000e-05,7.82031250e-03
8.36400000e-05,7.47656250e-03
8.37200000e-05,7.08593750e-03
8.38000000e-05,6.73437500e-03
8.38800000e-05,6.96093750e-03
8.39600000e-05,7.48437500e-03
8.40400000e-05,7.96875000e-03
8.41200000e-05,8.04687500e-03
8.42000000e-05,7.62500000e-03
8.42800000e-05,6.96093750e-03
8.43600000e-05,6.77343750e-03
8.44400000e-05,7.39062500e-03
8.45200000e-05,7.89062500e-03
8.46000000e-05,7.99218750e-03
8.46800000e-05,7.56250000e-03
8.47600000e-05,6.94531250e-03
8.48400000e-05,6.53125000e-03
8.49200000e-05,6.85156250e-03
8.50000000e-05,7.58593750e-03
8.50800000e-05,8.06250000e-03
8.51600000e-05,8.22656250e-03
8.52400000e-05,7.54687500e-03
8.53200000e-05,6.99218750e-03
8.54000000e-05,6.81250000e-03
8.54800000e-05,6.86718750e-03
8.55600000e-05,7.53906250e-03
8.56400000e-05,7.64843750e-03
8.57200000e-05,7.71093750e-03
8.58000000e-05,7.09375000e-03
8.58800000e-05,6.96875000e-03
8.59600000e-05,6.72656250e-03
8.60400000e-05,6.92968750e-03
8.61200000e-05,7.24218750e-03
8.62000000e-05,7.26562500e-03
8.62800000e-05,7.33593750e-03
8.63600000e-05,7.24218750e-03
8.64400000e-05,7.53125000e-03
8.65200000e-05,7.88281250e-03
8.66000000e-05,8.00000000e-03
8.66800000e-05,7.28906250e-03
8.67600000e-05,6.85937500e-03
8.68400000e-05,6.62500000e-03
8.69200000e-05,7.02343750e-03
8.70000000e-05,7.38281250e-03
8.70800000e-05,7.48437500e-03
8.71600000e-05,7.56250000e-03
8.72400000e-05,7.40625000e-03
8.73200000e-05,7.07812500e-03
8.74000000e-05,6.92187500e-03
8.74800000e-05,6.92187500e-03
8.75600000e-05,7.14843750e-03
8.76400000e-05,7.57031250e-03
8.77200000e-05,8.00781250e-03
8.78000000e-05,7.75000000e-03
8.78800000e-05,6.89062500e-03
8.79600000e-05,6.40625000e-03
8.80400000e-05,6.90625000e-03
8.81200000e-05,7.42187500e-03
8.82000000e-05,7.60156250e-03
8.82800000e-05,7.46875000e-03
8.83600000e-05,6.76562500e-03
8.84400000e-05,6.42187500e-03
8.85200000e-05,6.72656250e-03
8.86000000e-05,7.41406250e-03
8.86800000e-05,7.96093750e-03
8.87600000e-05,7.85156250e-03
8.88400000e-05,7.24218750e-03
8.89200000e-05,6.64062500e-03
8.90000000e-05,7.03125000e-03
8.90800000e-05,7.22656250e-03
8.91600000e-05,7.30468750e-03
8.92400000e-05,7.42187500e-03
8.93200000e-05,7.20312500e-03
8.94000000e-05,6.85937500e-03
8.94800000e-05,6.64062500e-03
8.95600000e-05,6.67187500e-03
8.96400000e-05,6.80468750e-03
8.97200000e-05,7.15625000e-03
8.98000000e-05,7.29687500e-03
8.98800000e-05,7.17187500e-03
8.99600000e-05,6.99218750e-03
9.00400000e-05,7.33593750e-03
9.01200000e-05,7.74218750e-03
9.02000000e-05,7.57812500e-03
9.02800000e-05,7.10937500e-03
9.03600000e-05,6.57812500e-03
9.04400000e-05,6.50781250e-03
9.05200000e-05,6.80468750e-03
9.06000000e-05,7.24218750e-03
9.06800000e-05,7.54687500e-03
9.07600000e-05,7.57031250e-03
9.08400000e-05,7.10156250e-03
9.09200000e-05,6.64843750e-03
9.10000000e-05,6.48437500e-03
9.10800000e-05,6.68750000e-03
9.11600000e-05,7.00000000e-03
9.12400000e-05,7.33593750e-03
9.13200000e-05,7.67968750e-03
9.14000000e-05,7.40625000e-03
9.14800000e-05,6.71093750e-03
9.15600000e-05,5.87500000e-03
9.16400000e-05,6.99218750e-03
9.17200000e-05,7.78125000e-03
9.18000000e-05,7.85937500e-03
9.18800000e-05,7.14062500e-03
9.19600000e-05,6.35937500e-03
9.20400000e-05,6.05468750e-03
9.21200000e-05,6.44531250e-03
9.22000000e-05,7.17187500e-03
9.22800000e-05,7.85937500e-03
9.23600000e-05,8.07031250e-03
9.24400000e-05,7.13281250e-03
9.25200000e-05,6.52343750e-03
9.26000000e-05,6.44531250e-03
9.26800000e-05,6.63281250e-03
9.27600000e-05,7.14062500e-03
9.28400000e-05,7.34375000e-03
9.29200000e-05,7.05468750e-03
9.30000000e-05,6.89062500e-03
9.30800000e-05,6.78125000e-03
9.31600000e-05,6.62500000e-03
9.32400000e-05,6.49218750e-03
9.33200000e-05,6.70312500e-03
9.34000000e-05,6.85937500e-03
9.34800000e-05,7.01562500e-03
9.35600000e-05,7.16406250e-03
9.36400000e-05,7.35937500e-03
9.37200000e-05,7.54687500e-03
9.38000000e-05,7.46875000e-03
9.38800000e-05,6.85937500e-03
9.39600000e-05,6.21875000e-03
9.40400000e-05,6.28125000e-03
9.41200000e-05,6.68750000e-03
9.42000000e-05,7.21875000e-03
9.42800000e-05,7.32812500e-03
9.43600000e-05,7.14062500e-03
9.44400000e-05,6.96875000e-03
9.45200000e-05,6.61718750e-03
9.46000000e-05,6.43750000e-03
9.46800000e-05,6.44531250e-03
9.47600000e-05,6.88281250e-03
9.48400000e-05,7.53125000e-03
9.49200000e-05,7.61718750e-03
9.50000000e-05,7.17187500e-03
9.50800000e-05,6.38281250e-03
9.51600000e-05,6.25781250e-03
9.52400000e-05,6.57031250e-03
9.53200000e-05,7.33593750e-03
9.54000000e-05,7.37500000e-03
9.54800000e-05,7.07812500e-03
9.55600000e-05,6.47656250e-03
9.56400000e-05,6.13281250e-03
9.57200000e-05,6.42187500e-03
9.58000000e-05,6.99218750e-03
9.58800000e-05,7.55468750e-03
9.59600000e-05,7.55468750e-03
9.60400000e-05,6.86718750e-03
9.61200000e-05,6.31250000e-03
9.62000000e-05,6.57031250e-03
9.62800000e-05,6.82031250e-03
9.63600000e-05,7.16406250e-03
9.64400000e-05,7.07812500e-03
9.65200000e-05,6.83593750e-03
9.66000000e-05,6.60156250e-03
9.66800000e-05,6.38281250e-03
9.67600000e-05,6.33593750e-03
9.68400000e-05,6.53125000e-03
9.69200000e-05,6.78125000e-03
9.70000000e-05,7.01562500e-03
9.70800000e-05,6.72656250e-03
9.71600000e-05,6.57031250e-03
9.72400000e-05,6.93750000e-03
9.73200000e-05,7.53906250e-03
9.74000000e-05,7.47656250e-03
9.74800000e-05,6.98437500e-03
9.75600000e-05,6.19531250e-03
9.76400000e-05,5.92187500e-03
9.77200000e-05,6.43750000e-03
9.78000000e-05,6.71875000e-03
9.78800000e-05,7.20312500e-03
9.79600000e-05,7.25000000e-03
9.80400000e-05,6.92968750e-03
9.81200000e-05,6.26562500e-03
9.82000000e-05,6.13281250e-03
9.82800000e-05,6.45312500e-03
9.83600000e-05,6.85156250e-03
9.84400000e-05,7.29687500e-03
9.85200000e-05,7.50781250e-03
9.86000000e-05,7.20312500e-03
9.86800000e-05,6.40625000e-03
9.87600000e-05,5.87500000e-03
9.88400000e-05,6.45312500e-03
9.89200000e-05,7.23437500e-03
9.90000000e-05,7.45312500e-03
9.90800000e-05,7.03125000e-03
9.91600000e-05,6.22656250e-03
9.92400000e-05,5.91406250e-03
9.93200000e-05,6.21093750e-03
9.94000000e-05,7.03125000e-03
9.94800000e-05,7.57812500e-03
9.95600000e-05,7.64062500e-03
9.96400000e-05,6.99218750e-03
9.97200000e-05,6.28906250e-03
9.98000000e-05,6.10937500e-03
9.98800000e-05,6.24218750e-03
9.99600000e-05,6.90625000e-03
1.00040000e-04,7.31250000e-03
1.00120000e-04,7.05468750e-03
1.00200000e-04,6.52343750e-03
1.00280000e-04,6.20312500e-03
1.00360000e-04,6.14062500e-03
1.00440000e-04,6.35937500e-03
1.00520000e-04,6.78125000e-03
1.00600000e-04,6.82031250e-03
1.00680000e-04,6.81250000e-03
1.00760000e-04,6.62500000e-03
1.00840000e-04,6.92968750e-03
1.00920000e-04,7.24218750e-03
1.01000000e-04,7.25781250e-03
1.01080000e-04,6.66406250e-03
1.01160000e-04,6.07812500e-03
1.01240000e-04,6.07031250e-03
1.01320000e-04,6.53125000e-03
1.01400000e-04,6.82031250e-03
1.01480000e-04,7.17187500e-03
1.01560000e-04,6.93750000e-03
1.01640000e-04,6.64062500e-03
1.01720000e-04,6.42968750e-03
1.01800000e-04,6.22656250e-03
1.01880000e-04,6.25781250e-03
1.01960000e-04,6.50000000e-03
1.02040000e-04,7.05468750e-03
1.02120000e-04,7.43750000e-03
1.02200000e-04,7.05468750e-03
1.02280000e-04,6.22656250e-03
1.02360000e-04,5.62500000e-03
1.02440000e-04,6.42187500e-03
1.02520000e-04,7.15625000e-03
1.02600000e-04,7.41406250e-03
1.02680000e-04,6.92968750e-03
1.02760000e-04,6.17187500e-03
1.02840000e-04,5.57812500e-03
1.02920000e-04,5.93750000e-03
1.03000000e-04,6.61718750e-03
1.03080000e-04,7.42187500e-03
1.03160000e-04,7.44531250e-03
1.03240000e-04,6.92968750e-03
1.03320000e-04,6.00781250e-03
1.03400000e-04,6.30468750e-03
1.03480000e-04,6.51562500e-03
1.03560000e-04,6.93750000e-03
1.03640000e-04,6.79687500e-03
1.03720000e-04,6.55468750e-03
1.03800000e-04,6.32812500e-03
1.03880000e-04,6.28125000e-03
1.03960000e-04,6.20312500e-03
1.04040000e-04,6.22656250e-03
1.04120000e-04,6.38281250e-03
1.04200000e-04,6.53125000e-03
1.04280000e-04,6.50000000e-03
1.04360000e-04,6.92968750e-03
1.04440000e-04,7.06250000e-03
1.04520000e-04,7.15625000e-03
1.04600000e-04,7.04687500e-03
1.04680000e-04,6.54687500e-03
1.04760000e-04,5.92968750e-03
1.04840000e-04,5.75781250e-03
1.04920000e-04,6.17187500e-03
1.05000000e-04,6.60937500e-03
1.05080000e-04,6.89062500e-03
1.05160000e-04,6.86718750e-03
1.05240000e-04,6.56250000e-03
1.05320000e-04,6.15625000e-03
1.05400000e-04,5.96875000e-03
1.05480000e-04,6.10156250e-03
1.05560000e-04,6.69531250e-03
1.05640000e-04,7.13281250e-03
1.05720000e-04,7.26562500e-03
1.05800000e-04,6.86718750e-03
1.05880000e-04,6.03125000e-03
1.05960000e-04,5.85937500e-03
1.06040000e-04,6.39062500e-03
1.06120000e-04,7.00000000e-03
1.06200000e-04,7.11718750e-03
1.06280000e-04,6.69531250e-03
1.06360000e-04,6.05468750e-03
1.06440000e-04,5.75781250e-03
1.06520000e-04,5.98437500e-03
1.06600000e-04,6.71875000e-03
1.06680000e-04,7.28906250e-03
1.06760000e-04,7.39843750e-03
1.06840000e-04,6.60156250e-03
1.06920000e-04,5.99218750e-03
1.07000000e-04,5.92187500e-03
1.07080000e-04,5.98437500e-03
1.07160000e-04,6.58593750e-03
1.07240000e-04,6.85937500e-03
1.07320000e-04,6.77343750e-03
1.07400000e-04,6.36718750e-03
1.07480000e-04,6.22656250e-03
1.07560000e-04,6.03125000e-03
1.07640000e-04,6.08593750e-03
1.07720000e-04,6.32812500e-03
1.07800000e-04,6.42968750e-03
1.07880000e-04,6.47656250e-03
1.07960000e-04,6.31250000e-03
1.08040000e-04,6.64062500e-03
1.08120000e-04,7.04687500e-03
1.08200000e-04,7.07031250e-03
1.08280000e-04,6.56250000e-03
1.08360000e-04,6.10156250e-03
1.08440000e-04,6.00781250e-03
1.08520000e-04,6.31250000e-03
1.08600000e-04,6.50000000e-03
1.08680000e-04,6.65625000e-03
1.08760000e-04,6.75000000e-03
1.08840000e-04,6.58593750e-03
1.08920000e-04,6.23437500e-03
1.09000000e-04,6.00000000e-03
1.09080000e-04,6.00781250e-03
1.09160000e-04,6.30468750e-03
1.09240000e-04,6.76562500e-03
1.09320000e-04,7.21093750e-03
1.09400000e-04,7.00781250e-03
1.09480000e-04,6.24218750e-03
1.09560000e-04,5.75781250e-03
1.09640000e-04,6.07812500e-03
1.09720000e-04,6.72656250e-03
1.09800000e-04,6.92187500e-03
1.09880000e-04,6.50000000e-03
1.09960000e-04,5.88281250e-03
1.10040000e-04,5.64062500e-03
1.10120000e-04,5.78906250e-03
1.10200000e-04,6.56250000e-03
1.10280000e-04,7.09375000e-03
1.10360000e-04,7.14843750e-03
1.10440000e-04,6.52343750e-03
1.10520000e-04,5.96093750e-03
1.10600000e-04,6.19531250e-03
1.10680000e-04,6.45312500e-03
1.10760000e-04,6.69531250e-03
1.10840000e-04,6.60937500e-03
1.10920000e-04,6.25000000e-03
1.11000000e-04,5.88281250e-03
1.11080000e-04,5.80468750e-03
1.11160000e-04,5.91406250e-03
1.11240000e-04,5.92968750e-03
1.11320000e-04,6.39843750e-03
1.11400000e-04,6.57812500e-03
1.11480000e-04,6.42187500e-03
1.11560000e-04,6.23437500e-03
1.11640000e-04,6.52343750e-03
1.11720000e-04,6.95312500e-03
1.11800000e-04,6.95312500e-03
1.11880000e-04,6.35156250e-03
1.11960000e-04,5.64843750e-03
1.12040000e-04,5.49218750e-03
1.12120000e-04,6.07031250e-03
1.12200000e-04,6.36718750e-03
1.12280000e-04,6.71875000e-03
1.12360000e-04,6.91406250e-03
1.12440000e-04,6.37500000e-03
1.12520000e-04,5.92968750e-03
1.12600000e-04,5.79687500e-03
1.12680000e-04,5.86718750e-03
1.12760000e-04,6.32812500e-03
1.12840000e-04,6.75781250e-03
1.12920000e-04,6.92968750e-03
1.13000000e-04,6.52343750e-03
1.13080000e-04,5.89843750e-03
1.13160000e-04,5.26562500e-03
1.13240000e-04,6.11718750e-03
1.13320000e-04,6.93750000e-03
1.13400000e-04,7.16406250e-03
1.13480000e-04,6.52343750e-03
1.13560000e-04,5.71875000e-03
1.13640000e-04,5.37500000e-03
1.13720000e-04,5.64062500e-03
1.13800000e-04,6.53906250e-03
1.13880000e-04,7.11718750e-03
1.13960000e-04,7.13281250e-03
1.14040000e-04,6.49218750e-03
1.14120000e-04,5.70312500e-03
1.14200000e-04,5.64062500e-03
1.14280000e-04,5.90625000e-03
1.14360000e-04,6.42968750e-03
1.14440000e-04,6.65625000e-03
1.14520000e-04,6.38281250e-03
1.14600000e-04,6.08593750e-03
1.14680000e-04,6.08593750e-03
1.14760000e-04,5.86718750e-03
1.14840000e-04,5.90625000e-03
1.14920000e-04,5.92968750e-03
1.15000000e-04,6.07812500e-03
1.15080000e-04,6.14062500e-03
1.15160000e-04,6.50000000e-03
1.15240000e-04,6.66406250e-03
1.15320000e-04,6.79687500e-03
1.15400000e-04,6.76562500e-03
1.15480000e-04,6.28125000e-03
1.15560000e-04,5.65625000e-03
1.15640000e-04,5.58593750e-03
1.15720000e-04,5.82812500e-03
1.15800000e-04,6.46093750e-03
1.15880000e-04,6.52343750e-03
1.15960000e-04,6.42968750e-03
1.16040000e-04,6.25000000e-03
1.16120000e-04,5.86718750e-03
1.16200000e-04,5.66406250e-03
1.16280000e-04,5.69531250e-03
1.16360000e-04,6.17968750e-03
1.16440000e-04,6.88281250e-03
1.16520000e-04,7.08593750e-03
1.16600000e-04,6.55468750e-03
1.16680000e-04,5.75000000e-03
1.16760000e-04,5.60156250e-03
1.16840000e-04,6.07031250e-03
1.16920000e-04,6.56250000e-03
1.17000000e-04,6.68750000e-03
1.17080000e-04,6.35937500e-03
1.17160000e-04,5.91406250e-03
1.17240000e-04,5.57031250e-03
1.17320000e-04,5.65625000e-03
1.17400000e-04,6.34375000e-03
1.17480000e-04,7.01562500e-03
1.17560000e-04,6.89062500e-03
1.17640000e-04,6.35156250e-03
1.17720000e-04,5.81250000e-03
1.17800000e-04,6.03125000e-03
1.17880000e-04,6.18750000e-03
1.17960000e-04,6.43750000e-03
1.18040000e-04,6.45312500e-03
1.18120000e-04,6.25000000e-03
1.18200000e-04,5.92187500e-03
1.18280000e-04,5.75000000e-03
1.18360000e-04,5.74218750e-03
1.18440000e-04,6.03125000e-03
1.18520000e-04,6.24218750e-03
1.18600000e-04,6.42187500e-03
1.18680000e-04,6.11718750e-03
1.18760000e-04,6.07812500e-03
1.18840000e-04,6.26562500e-03
1.18920000e-04,6.70312500e-03
1.19000000e-04,6.80468750e-03
1.19080000e-04,6.21093750e-03
1.19160000e-04,5.49218750e-03
1.19240000e-04,5.33593750e-03
1.19320000e-04,5.75781250e-03
1.19400000e-04,6.25000000e-03
1.19480000e-04,6.63281250e-03
1.19560000e-04,6.67187500e-03
1.19640000e-04,6.25000000e-03
1.19720000e-04,5.66406250e-03
1.19800000e-04,5.46875000e-03
1.19880000e-04,5.71875000e-03
1.19960000e-04,6.06250000e-03
1.20040000e-04,6.53125000e-03
1.20120000e-04,6.85156250e-03
1.20200000e-04,6.50781250e-03
1.20280000e-04,5.78906250e-03
1.20360000e-04,5.26562500e-03
1.20440000e-04,5.94531250e-03
1.20520000e-04,6.60156250e-03
1.20600000e-04,6.84375000e-03
1.20680000e-04,6.38281250e-03
1.20760000e-04,5.50781250e-03
1.20840000e-04,5.23437500e-03
1.20920000e-04,5.50781250e-03
1.21000000e-04,6.21875000e-03
1.21080000e-04,6.90625000e-03
1.21160000e-04,6.91406250e-03
1.21240000e-04,6.28906250e-03
1.21320000e-04,5.66406250e-03
1.21400000e-04,5.54687500e-03
1.21480000e-04,5.60156250e-03
1.21560000e-04,6.26562500e-03
1.21640000e-04,6.53906250e-03
1.21720000e-04,6.46875000e-03
1.21800000e-04,5.85937500e-03
1.21880000e-04,5.51562500e-03
1.21960000e-04,5.45312500e-03
1.22040000e-04,5.59375000e-03
1.22120000e-04,5.99218750e-03
1.22200000e-04,6.18750000e-03
1.22280000e-04,6.09375000e-03
1.22360000e-04,6.02343750e-03
1.22440000e-04,6.35937500e-03
1.22520000e-04,6.60937500e-03
1.22600000e-04,6.66406250e-03
1.22680000e-04,6.03906250e-03
1.22760000e-04,5.47656250e-03
1.22840000e-04,5.33593750e-03
1.22920000e-04,5.90625000e-03
1.23000000e-04,6.14062500e-03
1.23080000e-04,6.45312500e-03
1.23160000e-04,6.27343750e-03
1.23240000e-04,5.96093750e-03
1.23320000e-04,5.82031250e-03
1.23400000e-04,5.56250000e-03
1.23480000e-04,5.68750000e-03
1.23560000e-04,5.87500000e-03
1.23640000e-04,6.36718750e-03
1.23720000e-04,6.82031250e-03
1.23800000e-04,6.43750000e-03
1.23880000e-04,5.57031250e-03
1.23960000e-04,5.01562500e-03
1.24040000e-04,5.67187500e-03
1.24120000e-04,6.42968750e-03
1.24200000e-04,6.65625000e-03
1.24280000e-04,6.31250000e-03
1.24360000e-04,5.67968750e-03
1.24440000e-04,5.04687500e-03
1.24520000e-04,5.24218750e-03
1.24600000e-04,5.89062500e-03
1.24680000e-04,6.81250000e-03
1.24760000e-04,6.83593750e-03
1.24840000e-04,6.30468750e-03
1.24920000e-04,5.40625000e-03
1.25000000e-04,5.66406250e-03
1.25080000e-04,5.82812500e-03
1.25160000e-04,6.29687500e-03
1.25240000e-04,6.10156250e-03
1.25320000e-04,5.92187500e-03
1.25400000e-04,5.84375000e-03
1.25480000e-04,5.77343750e-03
1.25560000e-04,5.64843750e-03
1.25640000e-04,5.61718750e-03
1.25720000e-04,5.84375000e-03
1.25800000e-04,5.88281250e-03
1.25880000e-04,5.77343750e-03
1.25960000e-04,6.16406250e-03
1.26040000e-04,6.39843750e-03
1.26120000e-04,6.47656250e-03
1.26200000e-04,6.44531250e-03
1.26280000e-04,5.89062500e-03
1.26360000e-04,5.47656250e-03
1.26440000e-04,5.31250000e-03
1.26520000e-04,5.78125000e-03
1.26600000e-04,6.13281250e-03
1.26680000e-04,6.28125000e-03
1.26760000e-04,6.33593750e-03
1.26840000e-04,5.96875000e-03
1.26920000e-04,5.40625000e-03
1.27000000e-04,5.30468750e-03
1.27080000e-04,5.53125000e-03
1.27160000e-04,5.98437500e-03
1.27240000e-04,6.55468750e-03
1.27320000e-04,6.65625000e-03
1.27400000e-04,6.28125000e-03
1.27480000e-04,5.53125000e-03
1.27560000e-04,5.30468750e-03
1.27640000e-04,5.93750000e-03
1.27720000e-04,6.48437500e-03
1.27800000e-04,6.57031250e-03
1.27880000e-04,6.07812500e-03
1.27960000e-04,5.35156250e-03
1.28040000e-04,5.12500000e-03
1.28120000e-04,5.22656250e-03
1.28200000e-04,6.10937500e-03
1.28280000e-04,6.76562500e-03
1.28360000e-04,6.82812500e-03
1.28440000e-04,6.20312500e-03
1.28520000e-04,5.47656250e-03
1.28600000e-04,5.40625000e-03
1.28680000e-04,5.50000000e-03
1.28760000e-04,6.03906250e-03
1.28840000e-04,6.43750000e-03
1.28920000e-04,6.15625000e-03
1.29000000e-04,5.70312500e-03
1.29080000e-04,5.57031250e-03
1.29160000e-04,5.39843750e-03
1.29240000e-04,5.53125000e-03
1.29320000e-04,5.81250000e-03
1.29400000e-04,6.06250000e-03
1.29480000e-04,6.02343750e-03
1.29560000e-04,5.90625000e-03
1.29640000e-04,6.19531250e-03
1.29720000e-04,6.53906250e-03
1.29800000e-04,6.48437500e-03
1.29880000e-04,5.92187500e-03
1.29960000e-04,5.33593750e-03
1.30040000e-04,5.39062500e-03
1.30120000e-04,5.67187500e-03
1.30200000e-04,5.90625000e-03
1.30280000e-04,6.19531250e-03
1.30360000e-04,6.22656250e-03
1.30440000e-04,6.10937500e-03
1.30520000e-04,5.77343750e-03
1.30600000e-04,5.53906250e-03
1.30680000e-04,5.50000000e-03
1.30760000e-04,5.65625000e-03
1.30840000e-04,6.17968750e-03
1.30920000e-04,6.66406250e-03
1.31000000e-04,6.48437500e-03
1.31080000e-04,5.67187500e-03
1.31160000e-04,5.27343750e-03
1.31240000e-04,5.56250000e-03
1.31320000e-04,6.14062500e-03
1.31400000e-04,6.48437500e-03
1.31480000e-04,6.16406250e-03
1.31560000e-04,5.44531250e-03
1.31640000e-04,5.14062500e-03
1.31720000e-04,5.37500000e-03
1.31800000e-04,6.07031250e-03
1.31880000e-04,6.56250000e-03
1.31960000e-04,6.54687500e-03
1.32040000e-04,5.97656250e-03
1.32120000e-04,5.40625000e-03
1.32200000e-04,5.60937500e-03
1.32280000e-04,5.85156250e-03
1.32360000e-04,6.20312500e-03
1.32440000e-04,6.30468750e-03
1.32520000e-04,5.92968750e-03
1.32600000e-04,5.65625000e-03
1.32680000e-04,5.50000000e-03
1.32760000e-04,5.50781250e-03
1.32840000e-04,5.58593750e-03
1.32920000e-04,5.86718750e-03
1.33000000e-04,6.00000000e-03
1.33080000e-04,5.89062500e-03
1.33160000e-04,5.70312500e-03
1.33240000e-04,6.06250000e-03
1.33320000e-04,6.44531250e-03
1.33400000e-04,6.48437500e-03
1.33480000e-04,6.00781250e-03
1.33560000e-04,5.34375000e-03
1.33640000e-04,5.12500000e-03
1.33720000e-04,5.65625000e-03
1.33800000e-04,6.03906250e-03
1.33880000e-04,6.24218750e-03
1.33960000e-04,6.36718750e-03
1.34040000e-04,5.90625000e-03
1.34120000e-04,5.39843750e-03
1.34200000e-04,5.22656250e-03
1.34280000e-04,5.46875000e-03
1.34360000e-04,6.04687500e-03
1.34440000e-04,6.39062500e-03
1.34520000e-04,6.59375000e-03
1.34600000e-04,6.24218750e-03
1.34680000e-04,5.52343750e-03
1.34760000e-04,4.80468750e-03
1.34840000e-04,5.66406250e-03
1.34920000e-04,6.53906250e-03
1.35000000e-04,6.79687500e-03
1.35080000e-04,6.08593750e-03
1.35160000e-04,5.35156250e-03
1.35240000e-04,4.78906250e-03
1.35320000e-04,5.21875000e-03
1.35400000e-04,6.07812500e-03
1.35480000e-04,6.71875000e-03
1.35560000e-04,7.02343750e-03
1.35640000e-04,6.12500000e-03
1.35720000e-04,5.28906250e-03
1.35800000e-04,5.39062500e-03
1.35880000e-04,5.44531250e-03
1.35960000e-04,5.96875000e-03
1.36040000e-04,6.21093750e-03
1.36120000e-04,5.92187500e-03
1.36200000e-04,5.71875000e-03
1.36280000e-04,5.70312500e-03
1.36360000e-04,5.51562500e-03
1.36440000e-04,5.52343750e-03
1.36520000e-04,5.56250000e-03
1.36600000e-04,5.81250000e-03
1.36680000e-04,5.87500000e-03
1.36760000e-04,6.21093750e-03
1.36840000e-04,6.28906250e-03
1.36920000e-04,6.35937500e-03
1.37000000e-04,6.29687500e-03
1.37080000e-04,5.82812500e-03
1.37160000e-04,5.28906250e-03
1.37240000e-04,5.22656250e-03
1.37320000e-04,5.50781250e-03
1.37400000e-04,6.14062500e-03
1.37480000e-04,6.21093750e-03
1.37560000e-04,6.14062500e-03
1.37640000e-04,5.92968750e-03
1.37720000e-04,5.56250000e-03
1.37800000e-04,5.49218750e-03
1.37880000e-04,5.37500000e-03
1.37960000e-04,5.78125000e-03
1.38040000e-04,6.41406250e-03
1.38120000e-04,6.56250000e-03
1.38200000e-04,6.14843750e-03
1.38280000e-04,5.39843750e-03
1.38360000e-04,5.29687500e-03
1.38440000e-04,5.73437500e-03
1.38520000e-04,6.35156250e-03
1.38600000e-04,6.32812500e-03
1.38680000e-04,6.06250000e-03
1.38760000e-04,5.53906250e-03
1.38840000e-04,5.21093750e-03
1.38920000e-04,5.25781250e-03
1.39000000e-04,5.91406250e-03
1.39080000e-04,6.54687500e-03
1.39160000e-04,6.52343750e-03
1.39240000e-04,5.94531250e-03
1.39320000e-04,5.42968750e-03
1.39400000e-04,5.61718750e-03
1.39480000e-04,5.78906250e-03
1.39560000e-04,6.07812500e-03
1.39640000e-04,5.96093750e-03
1.39720000e-04,5.78906250e-03
1.39800000e-04,5.55468750e-03
1.39880000e-04,5.33593750e-03
1.39960000e-04,5.19531250e-03
1.40040000e-04,5.57031250e-03
1.40120000e-04,5.84375000e-03
1.40200000e-04,5.98437500e-03
1.40280000e-04,5.75000000e-03
1.40360000e-04,5.67968750e-03
1.40440000e-04,6.00000000e-03
1.40520000e-04,6.56250000e-03
1.40600000e-04,6.60937500e-03
1.40680000e-04,6.14062500e-03
1.40760000e-04,5.23437500e-03
1.40840000e-04,5.04687500e-03
1.40920000e-04,5.37500000e-03
1.41000000e-04,5.77343750e-03
1.41080000e-04,6.21875000e-03
1.41160000e-04,6.43750000e-03
1.41240000e-04,6.08593750e-03
1.41320000e-04,5.43750000e-03
1.41400000e-04,5.22656250e-03
1.41480000e-04,5.39843750e-03
1.41560000e-04,5.83593750e-03
1.41640000e-04,6.26562500e-03
1.41720000e-04,6.60156250e-03
1.41800000e-04,6.21093750e-03
1.41880000e-04,5.38281250e-03
1.41960000e-04,4.87500000e-03
1.42040000e-04,5.51562500e-03
1.42120000e-04,6.28125000e-03
1.42200000e-04,6.46093750e-03
1.42280000e-04,6.04687500e-03
1.42360000e-04,5.29687500e-03
1.42440000e-04,4.98437500e-03
1.42520000e-04,5.24218750e-03
1.42600000e-04,5.95312500e-03
1.42680000e-04,6.72656250e-03
1.42760000e-04,6.70312500e-03
1.42840000e-04,6.06250000e-03
1.42920000e-04,5.27343750e-03
1.43000000e-04,5.10156250e-03
1.43080000e-04,5.29687500e-03
1.43160000e-04,5.89062500e-03
1.43240000e-04,6.29687500e-03
1.43320000e-04,6.28125000e-03
1.43400000e-04,5.64843750e-03
1.43480000e-04,5.24218750e-03
1.43560000e-04,5.09375000e-03
1.43640000e-04,5.32812500e-03
1.43720000e-04,5.79687500e-03
1.43800000e-04,5.87500000e-03
1.43880000e-04,5.82812500e-03
1.43960000e-04,5.72656250e-03
1.44040000e-04,5.99218750e-03
1.44120000e-04,6.29687500e-03
1.44200000e-04,6.31250000e-03
1.44280000e-04,5.79687500e-03
1.44360000e-04,5.36718750e-03
1.44440000e-04,5.14843750e-03
1.44520000e-04,5.53125000e-03
1.44600000e-04,5.89062500e-03
1.44680000e-04,6.08593750e-03
1.44760000e-04,6.05468750e-03
1.44840000e-04,5.67187500e-03
1.44920000e-04,5.37500000e-03
1.45000000e-04,5.24218750e-03
1.45080000e-04,5.34375000e-03
1.45160000e-04,5.53906250e-03
1.45240000e-04,5.99218750e-03
1.45320000e-04,6.36718750e-03
1.45400000e-04,6.22656250e-03
1.45480000e-04,5.46875000e-03
1.45560000e-04,4.74218750e-03
1.45640000e-04,5.41406250e-03
1.45720000e-04,6.23437500e-03
1.45800000e-04,6.33593750e-03
1.45880000e-04,5.96875000e-03
1.45960000e-04,5.38281250e-03
1.46040000e-04,4.80468750e-03
1.46120000e-04,5.07812500e-03
1.46200000e-04,5.64843750e-03
1.46280000e-04,6.46875000e-03
1.46360000e-04,6.62500000e-03
1.46440000e-04,6.07812500e-03
1.46520000e-04,5.20312500e-03
1.46600000e-04,5.35156250e-03
1.46680000e-04,5.50000000e-03
1.46760000e-04,6.05468750e-03
1.46840000e-04,5.93750000e-03
1.46920000e-04,5.63281250e-03
1.47000000e-04,5.26562500e-03
1.47080000e-04,5.35937500e-03
1.47160000e-04,5.40625000e-03
1.47240000e-04,5.31250000e-03
1.47320000e-04,5.53125000e-03
1.47400000e-04,5.76562500e-03
1.47480000e-04,5.60937500e-03
1.47560000e-04,5.92968750e-03
1.47640000e-04,6.18750000e-03
1.47720000e-04,6.33593750e-03
1.47800000e-04,6.19531250e-03
1.47880000e-04,5.59375000e-03
1.47960000e-04,4.93750000e-03
1.48040000e-04,4.99218750e-03
1.48120000e-04,5.32812500e-03
1.48200000e-04,5.89843750e-03
1.48280000e-04,6.00000000e-03
1.48360000e-04,6.09375000e-03
1.48440000e-04,5.79687500e-03
1.48520000e-04,5.33593750e-03
1.48600000e-04,5.09375000e-03
1.48680000e-04,5.27343750e-03
1.48760000e-04,5.73437500e-03
1.48840000e-04,6.18750000e-03
1.48920000e-04,6.37500000e-03
1.49000000e-04,5.90625000e-03
1.49080000e-04,5.22656250e-03
1.49160000e-04,4.97656250e-03
1.49240000e-04,5.47656250e-03
1.49320000e-04,6.21093750e-03
1.49400000e-04,6.41406250e-03
1.49480000e-04,5.95312500e-03
1.49560000e-04,5.29687500e-03
1.49640000e-04,4.96093750e-03
1.49720000e-04,5.12500000e-03
1.49800000e-04,5.90625000e-03
1.49880000e-04,6.51562500e-03
1.49960000e-04,6.46875000e-03
1.50040000e-04,5.88281250e-03
1.50120000e-04,5.29687500e-03
1.50200000e-04,5.25781250e-03
1.50280000e-04,5.13281250e-03
1.50360000e-04,6.03125000e-03
1.50440000e-04,6.19531250e-03
1.50520000e-04,6.17968750e-03
1.50600000e-04,5.61718750e-03
1.50680000e-04,5.54687500e-03
1.50760000e-04,5.22656250e-03
1.50840000e-04,5.35156250e-03
1.50920000e-04,5.43750000e-03
1.51000000e-04,5.58593750e-03
1.51080000e-04,5.65625000e-03
1.51160000e-04,5.62500000e-03
1.51240000e-04,5.88281250e-03
1.51320000e-04,6.23437500e-03
1.51400000e-04,6.44531250e-03
1.51480000e-04,5.75781250e-03
1.51560000e-04,5.22656250e-03
1.51640000e-04,5.04687500e-03
1.51720000e-04,5.47656250e-03
1.51800000e-04,5.82812500e-03
1.51880000e-04,5.94531250e-03
1.51960000e-04,5.85937500e-03
1.52040000e-04,5.69531250e-03
1.52120000e-04,5.42187500e-03
1.52200000e-04,5.08593750e-03
1.52280000e-04,5.21093750e-03
1.52360000e-04,5.46093750e-03
1.52440000e-04,6.00781250e-03
1.52520000e-04,6.46875000e-03
1.52600000e-04,6.11718750e-03
1.52680000e-04,5.35156250e-03
1.52760000e-04,4.98437500e-03
1.52840000e-04,5.33593750e-03
1.52920000e-04,5.80468750e-03
1.53000000e-04,5.99218750e-03
1.53080000e-04,5.82031250e-03
1.53160000e-04,5.14843750e-03
1.53240000e-04,4.81250000e-03
1.53320000e-04,5.10156250e-03
1.53400000e-04,5.81250000e-03
1.53480000e-04,6.39062500e-03
1.53560000e-04,6.35156250e-03
1.53640000e-04,5.73437500e-03
1.53720000e-04,5.19531250e-03
1.53800000e-04,5.41406250e-03
1.53880000e-04,5.58593750e-03
1.53960000e-04,5.77343750e-03
1.54040000e-04,5.76562500e-03
1.54120000e-04,5.53906250e-03
1.54200000e-04,5.18750000e-03
1.54280000e-04,5.06250000e-03
1.54360000e-04,5.18750000e-03
1.54440000e-04,5.32031250e-03
1.54520000e-04,5.56250000e-03
1.54600000e-04,5.73437500e-03
1.54680000e-04,5.57031250e-03
1.54760000e-04,5.57812500e-03
1.54840000e-04,5.89843750e-03
1.54920000e-04,6.20312500e-03
1.55000000e-04,6.20312500e-03
1.55080000e-04,5.60937500e-03
1.55160000e-04,5.00000000e-03
1.55240000e-04,4.89062500e-03
1.55320000e-04,5.30468750e-03
1.55400000e-04,5.83593750e-03
1.55480000e-04,6.13281250e-03
1.55560000e-04,6.24218750e-03
1.55640000e-04,5.70312500e-03
1.55720000e-04,5.23437500e-03
1.55800000e-04,5.12500000e-03
1.55880000e-04,5.12500000e-03
1.55960000e-04,5.53125000e-03
1.56040000e-04,6.04687500e-03
1.56120000e-04,6.27343750e-03
1.56200000e-04,5.89062500e-03
1.56280000e-04,5.21093750e-03
1.56360000e-04,4.47656250e-03
1.56440000e-04,5.42968750e-03
1.56520000e-04,6.42968750e-03
1.56600000e-04,6.50781250e-03
1.56680000e-04,5.80468750e-03
1.56760000e-04,5.02343750e-03
1.56840000e-04,4.51562500e-03
1.56920000e-04,4.90625000e-03
1.57000000e-04,5.82031250e-03
1.57080000e-04,6.35156250e-03
1.57160000e-04,6.58593750e-03
1.57240000e-04,5.74218750e-03
1.57320000e-04,5.11718750e-03
1.57400000e-04,5.16406250e-03
1.57480000e-04,5.27343750e-03
1.57560000e-04,5.80468750e-03
1.57640000e-04,6.09375000e-03
1.57720000e-04,5.85937500e-03
1.57800000e-04,5.50781250e-03
1.57880000e-04,5.37500000e-03
1.57960000e-04,5.14062500e-03
1.58040000e-04,5.07812500e-03
1.58120000e-04,5.28125000e-03
1.58200000e-04,5.53125000e-03
1.58280000e-04,5.44531250e-03
1.58360000e-04,5.80468750e-03
1.58440000e-04,6.03906250e-03
1.58520000e-04,6.25000000e-03
1.58600000e-04,6.07812500e-03
1.58680000e-04,5.64062500e-03
1.58760000e-04,4.96093750e-03
1.58840000e-04,5.03906250e-03
1.58920000e-04,5.39843750e-03
1.59000000e-04,5.78906250e-03
1.59080000e-04,6.01562500e-03
1.59160000e-04,5.82031250e-03
1.59240000e-04,5.61718750e-03
1.59320000e-04,5.38281250e-03
1.59400000e-04,5.09375000e-03
1.59480000e-04,5.07031250e-03
1.59560000e-04,5.64062500e-03
1.59640000e-04,6.14843750e-03
1.59720000e-04,6.41406250e-03
1.59800000e-04,5.92187500e-03
1.59880000e-04,5.14843750e-03
1.59960000e-04,4.94531250e-03
1.60040000e-04,5.28906250e-03
1.60120000e-04,6.00781250e-03
1.60200000e-04,6.14843750e-03
1.60280000e-04,5.79687500e-03
1.60360000e-04,5.21093750e-03
1.60440000e-04,4.90625000e-03
1.60520000e-04,5.10156250e-03
1.60600000e-04,5.70312500e-03
1.60680000e-04,6.39843750e-03
1.60760000e-04,6.37500000e-03
1.60840000e-04,5.68750000e-03
1.60920000e-04,5.18750000e-03
1.61000000e-04,5.35156250e-03
1.61080000e-04,5.48437500e-03
1.61160000e-04,5.79687500e-03
1.61240000e-04,5.79687500e-03
1.61320000e-04,5.66406250e-03
1.61400000e-04,5.28125000e-03
1.61480000e-04,5.05468750e-03
1.61560000e-04,5.15625000e-03
1.61640000e-04,5.28125000e-03
1.61720000e-04,5.63281250e-03
1.61800000e-04,5.76562500e-03
1.61880000e-04,5.56250000e-03
1.61960000e-04,5.34375000e-03
1.62040000e-04,5.56250000e-03
1.62120000e-04,6.04687500e-03
1.62200000e-04,6.23437500e-03
1.62280000e-04,5.76562500e-03
1.62360000e-04,5.05468750e-03
1.62440000e-04,4.79687500e-03
1.62520000e-04,5.10937500e-03
1.62600000e-04,5.44531250e-03
1.62680000e-04,6.00000000e-03
1.62760000e-04,6.15625000e-03
1.62840000e-04,5.72656250e-03
1.62920000e-04,5.06250000e-03
1.63000000e-04,4.94531250e-03
1.63080000e-04,5.16406250e-03
1.63160000e-04,5.43750000e-03
1.63240000e-04,5.84375000e-03
1.63320000e-04,6.46093750e-03
1.63400000e-04,6.10937500e-03
1.63480000e-04,5.20312500e-03
1.63560000e-04,4.68750000e-03
1.63640000e-04,5.42187500e-03
1.63720000e-04,6.14843750e-03
1.63800000e-04,6.26562500e-03
1.63880000e-04,5.81250000e-03
1.63960000e-04,4.93750000e-03
1.64040000e-04,4.68750000e-03
1.64120000e-04,4.96875000e-03
1.64200000e-04,5.74218750e-03
1.64280000e-04,6.39843750e-03
1.64360000e-04,6.51562500e-03
1.64440000e-04,6.02343750e-03
1.64520000e-04,5.13281250e-03
1.64600000e-04,4.96875000e-03
1.64680000e-04,5.10156250e-03
1.64760000e-04,5.70312500e-03
1.64840000e-04,6.16406250e-03
1.64920000e-04,6.00000000e-03
1.65000000e-04,5.39062500e-03
1.65080000e-04,5.03906250e-03
1.65160000e-04,4.85937500e-03
1.65240000e-04,5.08593750e-03
1.65320000e-04,5.61718750e-03
1.65400000e-04,5.75781250e-03
1.65480000e-04,5.60156250e-03
1.65560000e-04,5.53125000e-03
1.65640000e-04,5.69531250e-03
1.65720000e-04,6.11718750e-03
1.65800000e-04,6.17187500e-03
1.65880000e-04,5.48437500e-03
1.65960000e-04,4.89062500e-03
1.66040000e-04,4.81250000e-03
1.66120000e-04,5.28125000e-03
1.66200000e-04,5.53906250e-03
1.66280000e-04,5.93750000e-03
1.66360000e-04,5.83593750e-03
1.66440000e-04,5.51562500e-03
1.66520000e-04,5.30468750e-03
1.66600000e-04,5.09375000e-03
1.66680000e-04,5.02343750e-03
1.66760000e-04,5.28125000e-03
1.66840000e-04,5.79687500e-03
1.66920000e-04,6.20312500e-03
1.67000000e-04,5.95312500e-03
1.67080000e-04,5.10937500e-03
1.67160000e-04,4.58593750e-03
1.67240000e-04,5.11718750e-03
1.67320000e-04,5.82031250e-03
1.67400000e-04,6.15625000e-03
1.67480000e-04,5.96875000e-03
1.67560000e-04,5.24218750e-03
1.67640000e-04,4.56250000e-03
1.67720000e-04,4.78125000e-03
1.67800000e-04,5.51562500e-03
1.67880000e-04,6.23437500e-03
1.67960000e-04,6.23437500e-03
1.68040000e-04,5.85156250e-03
1.68120000e-04,5.00781250e-03
1.68200000e-04,5.10937500e-03
1.68280000e-04,5.35937500e-03
1.68360000e-04,5.88281250e-03
1.68440000e-04,5.69531250e-03
1.68520000e-04,5.48437500e-03
1.68600000e-04,5.32031250e-03
1.68680000e-04,5.21875000e-03
1.68760000e-04,5.17968750e-03
1.68840000e-04,5.14843750e-03
1.68920000e-04,5.24218750e-03
1.69000000e-04,5.41406250e-03
1.69080000e-04,5.46093750e-03
1.69160000e-04,5.73437500e-03
1.69240000e-04,5.85937500e-03
1.69320000e-04,6.09375000e-03
1.69400000e-04,5.93750000e-03
1.69480000e-04,5.69531250e-03
1.69560000e-04,4.94531250e-03
1.69640000e-04,4.82812500e-03
1.69720000e-04,5.16406250e-03
1.69800000e-04,5.78125000e-03
1.69880000e-04,5.82031250e-03
1.69960000e-04,5.80468750e-03
1.70040000e-04,5.50781250e-03
1.70120000e-04,5.08593750e-03
1.70200000e-04,4.82031250e-03
1.70280000e-04,4.98437500e-03
1.70360000e-04,5.59375000e-03
1.70440000e-04,6.03125000e-03
1.70520000e-04,6.31250000e-03
1.70600000e-04,5.82812500e-03
1.70680000e-04,5.16406250e-03
1.70760000e-04,4.89843750e-03
1.70840000e-04,5.46875000e-03
1.70920000e-04,5.95312500e-03
1.71000000e-04,6.14062500e-03
1.71080000e-04,5.61718750e-03
1.71160000e-04,5.07031250e-03
1.71240000e-04,4.77343750e-03
1.71320000e-04,5.00000000e-03
1.71400000e-04,5.68750000e-03
1.71480000e-04,6.31250000e-03
1.71560000e-04,6.43750000e-03
1.71640000e-04,5.71093750e-03
1.71720000e-04,5.14062500e-03
1.71800000e-04,5.03906250e-03
1.71880000e-04,4.96093750e-03
1.71960000e-04,5.51562500e-03
1.72040000e-04,5.87500000e-03
1.72120000e-04,5.73437500e-03
1.72200000e-04,5.38281250e-03
1.72280000e-04,5.13281250e-03
1.72360000e-04,4.96093750e-03
1.72440000e-04,5.23437500e-03
1.72520000e-04,5.47656250e-03
1.72600000e-04,5.50781250e-03
1.72680000e-04,5.58593750e-03
1.72760000e-04,5.44531250e-03
1.72840000e-04,5.63281250e-03
1.72920000e-04,6.04687500e-03
1.73000000e-04,6.03125000e-03
1.73080000e-04,5.51562500e-03
1.73160000e-04,5.00000000e-03
1.73240000e-04,4.83593750e-03
1.73320000e-04,5.32812500e-03
1.73400000e-04,5.64843750e-03
1.73480000e-04,5.74218750e-03
1.73560000e-04,5.82031250e-03
1.73640000e-04,5.70312500e-03
1.73720000e-04,5.26562500e-03
1.73800000e-04,4.94531250e-03
1.73880000e-04,4.90625000e-03
1.73960000e-04,5.17187500e-03
1.74040000e-04,5.68750000e-03
1.74120000e-04,6.08593750e-03
1.74200000e-04,6.01562500e-03
1.74280000e-04,5.11718750e-03
1.74360000e-04,4.72656250e-03
1.74440000e-04,5.21875000e-03
1.74520000e-04,5.59375000e-03
1.74600000e-04,5.87500000e-03
1.74680000e-04,5.64062500e-03
1.74760000e-04,5.01562500e-03
1.74840000e-04,4.68750000e-03
1.74920000e-04,4.82031250e-03
1.75000000e-04,5.52343750e-03
1.75080000e-04,6.09375000e-03
1.75160000e-04,6.09375000e-03
1.75240000e-04,5.53125000e-03
1.75320000e-04,5.05468750e-03
1.75400000e-04,5.30468750e-03
1.75480000e-04,5.42968750e-03
1.75560000e-04,5.54687500e-03
1.75640000e-04,5.71093750e-03
1.75720000e-04,5.42968750e-03
1.75800000e-04,5.07812500e-03
1.75880000e-04,4.93750000e-03
1.75960000e-04,4.87500000e-03
1.76040000e-04,4.94531250e-03
1.76120000e-04,5.25000000e-03
1.76200000e-04,5.49218750e-03
1.76280000e-04,5.51562500e-03
1.76360000e-04,5.53125000e-03
1.76440000e-04,5.74218750e-03
1.76520000e-04,6.10937500e-03
1.76600000e-04,6.01562500e-03
1.76680000e-04,5.53125000e-03
1.76760000e-04,4.95312500e-03
1.76840000e-04,4.74218750e-03
1.76920000e-04,5.10937500e-03
1.77000000e-04,5.46875000e-03
1.77080000e-04,5.76562500e-03
1.77160000e-04,5.92187500e-03
1.77240000e-04,5.44531250e-03
1.77320000e-04,4.90625000e-03
1.77400000e-04,4.90625000e-03
1.77480000e-04,5.03125000e-03
1.77560000e-04,5.44531250e-03
1.77640000e-04,5.88281250e-03
1.77720000e-04,6.09375000e-03
1.77800000e-04,5.65625000e-03
1.77880000e-04,5.03125000e-03
1.77960000e-04,4.24218750e-03
1.78040000e-04,5.20312500e-03
1.78120000e-04,6.12500000e-03
1.78200000e-04,6.31250000e-03
